:020000040800F2
:1000000000000120111900085519000855190008B1
:10001000551900085519000855190008000000007E
:10002000000000000000000000000000551900085A
:10003000551900080000000055190008551900085E
:1000400055190008551900085519000855190008D8
:1000500055190008551900085519000855190008C8
:1000600055190008551900085519000855190008B8
:1000700055190008551900085519000855190008A8
:100080005519000855190008551900085519000898
:100090005519000855190008551900085519000888
:1000A0005519000855190008551900085519000878
:1000B0005519000855190008551900085519000868
:1000C0005519000855190008551900085519000858
:1000D0005519000855190008551900085519000848
:1000E00055190008551900085519000800000000AE
:1000F0000000000000000000000000000000000000
:100100000000000000000000551900085519000803
:100110005519000855190008551900085519000807
:1001200055190008551900085519000855190008F7
:1001300055190008551900085519000855190008E7
:10014000551900085519000855190008CB900008EA
:10015000000000000000000000000000000000009F
:10016000000000000000000000000000000000008F
:10017000000000000000000000000000000000007F
:10018000000000000000000000000000000000006F
:10019000000000000000000000000000000000005F
:1001A000000000000000000000000000000000004F
:1001B000000000000000000000000000000000003F
:1001C000000000000000000000000000000000002F
:1001D000000000000000000000000000000000001F
:0401E0005FF8E0F1F3
:1001E40008B5064A0121002001F002FB00F06AFB79
:1001F4000349044800F0E0FB08BD00BF6F9B000802
:10020400FFFF030800D000080346007850B101390D
:1002140011F8012F824204D113F8010F0028F7D1FD
:10022400704714207047000008B51C491C48FFF7AC
:10023400EBFF08B1EF2008BD1A491B48FFF7E4FFA4
:1002440008B1EF20F7E719491948FFF7DDFF08B1B6
:10025400EF20F0E717491848FFF7D6FFC0B9174B4E
:100264001B68B3F1FF3F15D06FF31303B3F1005FC5
:1002740001D0EF20DFE7114B5B68B3F1FF3F0BD0F8
:100284006FF30B030D48834234BFEF20E020D2E725
:10029400EF20D0E7EF20CEE7EF20CCE700FE030805
:1002A400F09B000834FE0308DC9B000848FE0308AA
:1002B400C89B00085CFE0308B49B000800D000083B
:1002C40008B5012006F0E5FA08B1FF2008BD06F0E4
:1002D4000AFB012801D1F020F8E7012006F0EEFA2C
:1002E400F020F3E7F0B5ADF5717D04460E461546F2
:1002F400FFF7E6FFF02805D0FF231C4620460DF546
:10030400717DF0BD33A9204606F004FB002844D1DA
:100314002349204606F03FFB0746F8B10022294650
:1003240006F06BFB98BB3B468022012101A806F036
:1003340049FB802825D131463278D2B101AB1878F7
:10034400904210D1013311F8012F002AF7D11B7804
:100354001C4683B9384606F009FBCFE706F006FBD6
:100364000A231C46CAE7384606F000FB14231C4641
:10037400C4E701ABEBE7384606F0F8FA14231C4651
:10038400BCE7384606F0F2FAFF231C46B6E73846C7
:1003940006F0ECFAFF231C46B0E7FF231C46ADE74A
:1003A400049B00082DE9F04FADF6043D06460F46C8
:1003B400FFF786FFF02804D0FF200DF6043DBDE8CA
:1003C400F08F0DF60C01304606F0A4FA08B1662051
:1003D400F3E75F49304606F0DEFA804688B1002232
:1003E4004FF4504106F009FB002840F09180FFF7DC
:1003F400F7FE8DF80B009DF80B30042B05D065201B
:10040400DBE706F0B3FA0A20D7E7524A01210020BD
:1004140001F0EEF903AB9A46C3F1006303F55042D1
:10042400154603F57C33019300239B4643464FF462
:100434008062022103A806F0C5FA54460AF5006357
:1004440099462188601900F097FA8DF80B009DF801
:100454000B30042B15D102344C45F2D105F5006361
:100464001D46019A934211D05B460133632B28BF8A
:1004740063231A469B46032301210B2000F0A6FCAC
:10048400D4E7404606F072FA662096E700224FF45D
:100494004841404606F0B1FA00284ED143464FF495
:1004A4008062022103A806F08DFA55462A4C298859
:1004B400204600F061FA8DF80B009DF80B30042BF8
:1004C4002CD12B4602331D460234244B9C42EED1E0
:1004D40000224FF47E31404606F08FFA40BB43467B
:1004E4004FF48062022103A806F06CFABAF80010F7
:1004F400204600F041FA8DF80B009DF80B30042BD8
:1005040011D1534602339A460234154B9C42EDD125
:10051400404606F02BFAAFB964204EE7404606F099
:1005240025FA662049E7404606F020FA662044E7AB
:10053400404606F01BFA66203FE7404606F016FAEE
:1005440066203AE7304606F071FA642035E700BFCA
:10055400049B0008919B000800F0030800F80308BE
:1005640000000408034B986001688D46406800470A
:10057400704700BF00ED00E0F0B5ADF53F7D0546E6
:100584000C4601A906F0C6F918B1DF200DF53F7D30
:10059400F0BD2946204609F0F7F81849204609F02D
:1005A40049F8054601AE304609F0C2F9421CD2B200
:1005B4003146284608F096FE114E124D124F03E0C4
:1005C40001A806F0BEF9B0B9324629462046FFF725
:1005D40089FE0028F4D13A460C492046FFF782FEF2
:1005E4000028EDD10A4A0B492046FFF77BFE00287C
:1005F400E6D1D020CAE7DF20C8E700BF089B000887
:1006040000FE0300F09B000834FE0300DC9B00089E
:1006140048FE0300C89B0008104A536A23F4006391
:1006240053624FF0E02300229A611A6150B103F53E
:1006340080734FF0FF32C3F88020C3F88420C3F8DE
:1006440088207047064B4FF0FF32C3F88020C3F870
:1006540084206FF00802C3F88820704700ED00E0A2
:1006640000E100E038B505460C460120FFF7D4FF51
:1006740021462846FFF796FE642807D10120FFF79C
:10068400CBFF4FF00060FFF76DFF38BDFFF7A8FD0B
:10069400F4E7000010B508F0BDFD044608B120469B
:1006A40010BD08F05CFB04460028F8D106F080FF7A
:1006B40004460028F3D108F05AFB04460028EED182
:1006C40001F05CFA02F006FC4FF0FF32034901200E
:1006D40006F0C6F8012006F0F1F8E0E7F519000885
:1006E4002DE9F0410120FFF797FF464B4FF00062E0
:1006F4009A60454ADA60FFF7CDFF444B9A6942F0AD
:1007040004029A619A6942F010029A619A6942F06D
:1007140020029A613E4A4FF04073C2F8103803F148
:10072400745303F588333B491961D2F8041841F036
:10073400FF01C2F80418D2F8041821F0CC01C2F861
:1007440004185A6842F0FF025A605A6822F0CC0238
:100754005A601A6842F070421A601A6822F04042E5
:1007640022F0FF021A60D3F8042442F47F2242F4F8
:100774007F62C3F80424D3F8042422F44C2222F424
:100784004C62C3F8042400F09DFA234A0021084671
:1007940001F02EF800264FF00108204C3546204F7A
:1007A40017E020492048FFF7E7FED02803D0022EA7
:1007B40004D0022605E01B4B1B78EBB9B8F1000FFF
:1007C40006D006EB06123A440121284601F010F83F
:1007D400A846236801332360B3F5A06F04D906F05B
:1007E4007FFF07F0E9FE2560FFF76AFDF028D8D007
:1007F400012EE3D00126E4E72A4629460948FFF7FB
:1008040031FFDBE700ED00E00003FA0500100240D1
:100814000000014000028001109B00080400002039
:100824003C9B000808000020349B0008704700002F
:1008340008B51F4B4FF000629A601E4ADA601E4AE8
:10084400936943F0080393611C4BD3F8002C42F4E2
:100854007002C3F8002CD3F8002C22F43002C3F841
:10086400002CD3F8083C13F0200F16D100231349B1
:1008740001339AB2D1F8083C13F0200F0AD1134681
:10088400B2F5704F28BF4FF47043B2F5704FEFD3F9
:10089400FFF726FFB2F5704FFAD2FFF7C5FCE02848
:1008A400F6D10120FFF7B8FE0548FFF75BFEEFE73E
:1008B40000ED00E00003FA050010024000000140D2
:1008C40000D00008034B044A5A6002F188325A608F
:1008D400704700BF00200240230167450A4BDB68D4
:1008E40013F0010F0CD1084BDB6813F0040F09D18E
:1008F400054BDB6813F0100F0CBF04200320704776
:1009040001207047022070470020024010B50446C1
:10091400FFF7E4FF012805D144B1FFF7DFFF013CF5
:100924000128F9D0002C08BF052010BD0520FCE7E4
:1009340010B504464FF43020FFF7E8FF042800D038
:1009440010BD0C4B1A6942F002021A615C611A690B
:1009540042F040021A614FF43020FFF7D7FF052818
:10096400EED0044A136923F00203DB04DB0C1361A9
:10097400E6E700BF0020024038B504460D464FF4B8
:100984000050FFF7C3FF042800D038BD094A13699B
:1009940043F00103136125804FF40050FFF7B6FFC5
:1009A4000528F2D0034A136923F00103DB04DB0CAE
:1009B4001361EAE70020024030B583B000230193BD
:1009C4000B1A0133DB0A01930A4B3422DA60019BD0
:1009D40073B1044600252046FFF7AAFF0135019BA9
:1009E400AB4203D904F500640428F4D003B030BD4D
:1009F4000420FBE7002002404FF48053013B9BB2EC
:100A0400002BFBD1034B1B8813B1013B014A13801C
:100A1400704700BF0801002038B504460D46002287
:100A24004FF48071432000F0FBFE012D32D014F00E
:100A3400010F0CBF002201224FF48051442000F02A
:100A4400EFFE14F0020F0CBF002201224FF40061EC
:100A5400442000F0E5FE14F0040F0CBF0022012234
:100A64004FF48061442000F0DBFE14F0080F0CBF4B
:100A7400002201224FF40071442000F0D1FE012233
:100A84008021432000F0CCFE00228021432000F08E
:100A9400C7FE38BD14F0100F0CBF002201224FF422
:100AA4008051442000F0BCFE14F0200F0CBF002243
:100AB40001224FF40061442000F0B2FE14F0400F14
:100AC4000CBF002201224FF48061442000F0A8FEF4
:100AD40014F0800F0CBF002201224FF40071442057
:100AE40000F09EFECBE7000038B505464FF0000449
:100AF40001224FF48071432000F092FE01228021F4
:100B0400432000F08DFE324AD2F8043443F47F23AC
:100B140043F47F63C2F80434D2F8043423F4EE239C
:100B240023F4EE63C2F80434012D33D04FF4805122
:100B3400442000F0BBFE60F300044FF40061442045
:100B440000F0B4FE60F341044FF48061442000F0EF
:100B5400ADFE60F382044FF40071442000F0A6FE61
:100B640060F3C3041A4AD2F8043443F47F2343F4F1
:100B74007F63C2F80434D2F8043423F44C2323F4FE
:100B84004C63C2F8043400228021432000F048FE64
:100B9400E0B238BD4FF48051442000F087FE60F38A
:100BA40004144FF40061442000F080FE60F3451407
:100BB4004FF48061442000F079FE60F386144FF412
:100BC4000071442000F072FE60F3C714CAE700BF4E
:100BD40000100140F8B580B2274B1880274B93F9D9
:100BE4000030002B0CDA28B1234CFFF705FF2388D3
:100BF400002BFAD1214A137823F080031370F8BD37
:100C040001224FF48051442000F00AFE01224FF4E7
:100C14000061442000F004FE01224FF4806144206E
:100C240000F0FEFD01224FF40071442000F0F8FDB5
:100C3400124A137843F08003137013F0800FD9D055
:100C44000D4E002517463388002BD3D0FFF7D4FE72
:100C54002A464FF40071432000F0E2FD0120FFF723
:100C640043FF04462846FFF73FFF2043C0B23870D5
:100C740010F0800FE7D1BDE7080100200C0100202F
:100C840010B504460846FFF7A5FF00224FF4007193
:100C9400432000F0C5FD01212046FFF7BDFE0021E1
:100CA4002046FFF7B9FE10BD08B5054A137843F096
:100CB4008003137064210120FFF7E2FF08BD00BF29
:100CC4000C01002010B501224FF40071412000F006
:100CD400A7FD2B4B32221A801C46FFF78DFE23887A
:100CE400002BFAD1274B00221A70254B64221A805C
:100CF4001C46FFF781FE2388002BFAD11A464FF4D5
:100D04000071432000F08CFD01212020FFF784FEB8
:100D14001B4B0A221A801C46FFF76EFE2388002B09
:100D2400FAD1FFF7C1FF174A137823F08003137039
:100D34000A212820FFF7A4FF0A210C20FFF7A0FFB7
:100D44000A210620FFF79CFF0A210120FFF798FFE4
:100D5400FFF7AAFF0A4B64221A801C46FFF74CFED9
:100D64002388002BFAD1074A137823F080031370E9
:100D740001224FF48071412000F052FD10BD00BFEC
:100D8400080100200C01002010B504460846FFF7B6
:100D940021FF01224FF40071432000F041FD0121A5
:100DA4002046FFF739FE00212046FFF735FE10BD2F
:100DB40010B51446023100EB81106421C0B2FFF774
:100DC4005FFF64212046FFF7DFFF10BD2DE9F04FE0
:100DD40083B00646884618460093C14BA3FB021312
:100DE4005D0BC3F347339B4642F2107303FB152597
:100DF400ADB2BC4BA3FB0515AD09A3FB02139B09C4
:100E04004FF47A7101FB132292B2B74BA3FB023960
:100E14004FEA5913C9F34719642101FB1324A4B2FF
:100E2400B24FA7FB0437FB08C7F3C70703EB8303E1
:100E3400A4EB4304E4B2831E0A2B00F2CB84DFE864
:100E440013F0B1046C04570402045403B8022B02D7
:100E54005701E400B2000B005B4633BB002D60D1A8
:100E6400B9F1000F40F084802E2241463046FFF74E
:100E74009FFF07F13002701CD2B24146C0B2FFF7A7
:100E840097FFF51CEDB204F13002B01CD2B241461A
:100E9400C0B2FFF78DFF371DFFB22022414628461E
:100EA400FFF786FF01239B4634E05A463032D2B224
:100EB40041463046FFF77CFF701C05F13002414685
:100EC400C0B2FFF775FF06F1030A5FFA8AFA09F167
:100ED4003002B01CD2B24146C0B2FFF769FF2E22E5
:100EE40041465046FFF764FF07F13002301DD2B28D
:100EF4004146C0B2FFF75CFFB71DFFB204F13002F8
:100F0400701DD2B24146C0B2FFF752FF002D3AD055
:100F140000239B46B9F1000F38D05B46FF1AFFB29D
:100F2400D3E305F1300241463046FFF741FF09F1B2
:100F34003002701CD2B24146C0B2FFF739FFB01C78
:100F44002E224146C0B2FFF733FF07F13002F01CF6
:100F5400D2B24146C0B2FFF72BFF771DFFB204F1B6
:100F64003002301DD2B24146C0B2FFF721FFD1E7B3
:100F7400751CEDB209F13002D2B241463046FFF79A
:100F840017FF2E4670E73D46564684E77C1CE4B2C4
:100F9400202241463846FFF70BFF5B460133DBB2A4
:100FA4009B462746B9E7B9F1000F10D117BB2E2293
:100FB40041463046FFF7FCFEB71CFFB204F1300295
:100FC400701CD2B24146C0B2FFF7F2FE7DE3751C3D
:100FD400EDB209F13002D2B241463046FFF7E8FEE5
:100FE4000236F6B207F13002D2B241462846FFF784
:100FF400DFFEDCE7751CEDB207F13002D2B24146E8
:101004003046FFF7D5FE2E46D1E745BBB9F1000FB8
:1010140039D12E2241463046FFF7CAFE06F1020AB4
:101024005FFA8AFA07F13002701CD2B24146C0B2AC
:10103400FFF7BEFE274317F0FF0F31D0F71CFFB2B6
:1010440004F13002D2B241465046FFF7B1FE00240B
:101054007DB3B9F1000F37D03F1BFFB235E306F182
:10106400010A5FFA8AFA05F1300241463046FFF779
:101074009FFE0236F6B209F13002D2B24146504622
:10108400FFF796FEC5E706F1010A5FFA8AFA09F14D
:101094003002D2B241463046FFF78AFE5646B8E7E0
:1010A400F71CFFB2202241465046FFF781FE01247F
:1010B400CEE77D1CEDB2202241463846FFF778FE8C
:1010C4000134E4B22F46C4E77D1CEDB22022414630
:1010D4003846FFF76DFE0134E4B22F46BCE700BF8B
:1010E4005917B7D1D34D62101F85EB51CDCCCCCC61
:1010F4005B46002B33D12E2241463046FFF758FE83
:1011040006F1020A5FFA8AFA701C05F130024146C0
:10111400C0B2FFF74DFEB9F1000F2DD1002F75D1EC
:10112400002C00F09980302241465046FFF740FEE3
:10113400F01C30224146C0B2FFF73AFE751DEDB2F5
:1011440004F13002301DD2B24146C0B2FFF730FE86
:101154005B46002B00F09580EF1BFFB2B5E206F171
:10116400010A5FFA8AFA0BF13002D2B241463046E4
:10117400FFF71EFE5646BEE7F51CEDB209F130023C
:10118400D2B241465046FFF713FE87B97CB33022F2
:1011940041462846FFF70CFE751DEDB204F13002FE
:1011A400301DD2B24146C0B2FFF702FED0E706F1CD
:1011B40004095FFA89F907F13002D2B241462846A0
:1011C400FFF7F6FD54B1751DEDB204F13002D2B251
:1011D40041464846FFF7ECFD0027B9E7751DEDB21F
:1011E400202241464846FFF7E3FD2746B0E7202288
:1011F40041462846FFF7DCFD751DEDB2301D202267
:101204004146C0B2FFF7D4FD2746A1E7302241464C
:101214005046FFF7CDFD06F1040A5FFA8AFA07F19A
:101224003002F01CD2B24146C0B2FFF7C1FD54B146
:10123400751DEDB204F13002D2B241465046FFF7BB
:10124400B7FD4F4684E7751DEDB220224146504656
:10125400FFF7AEFD27467BE7202241465046FFF7C5
:10126400A7FDF01C20224146C0B2FFF7A1FD751D69
:10127400EDB2301D20224146C0B2FFF799FD03278D
:1012840066E76C1CE4B2202241462846FFF790FD35
:101294000137FFB225465FE75B46002B34D1002DB2
:1012A40046D12E2241463046FFF782FD06F1020A5E
:1012B4005FFA8AFA09F13002701CD2B24146C0B218
:1012C400FFF776FD002F3FD1002C5BD03022414642
:1012D4005046FFF76DFD371DFFB204F13002F01CDC
:1012E400D2B24146C0B2FFF763FD5B46002B57D034
:1012F400002D40F0EA817C1CE4B2202241463846AD
:10130400FFF756FD2746E0E106F1010A5FFA8AFA83
:101314000BF13002D2B241463046FFF749FD0236A6
:10132400F6B205F1300241465046FFF741FDB8E7F9
:1013340006F1010A5FFA8AFA05F1300241463046A5
:10134400FFF736FD5646ACE706F103095FFA89F963
:1013540007F13002D2B241465046FFF729FD4CB1A5
:10136400371DFFB204F13002D2B241464846FFF7BE
:101374001FFDBAE7371DFFB2202241464846FFF75A
:1013840017FDB2E7202241465046FFF711FD371DF5
:10139400FFB2F01C20224146C0B2FFF709FDA4E7CA
:1013A4007C1CE4B2202241463846FFF701FD274663
:1013B4009EE7EDB9B9F1000F43D1002F62D104F1DA
:1013C4003002D2B241463046FFF7F2FC701C2022B4
:1013D4004146C0B2FFF7ECFCF51CEDB2B01C202274
:1013E4004146C0B2FFF7E4FC002F56D0022725E0A7
:1013F40005F1300241463046FFF7DAFC09F13002CC
:10140400701CD2B24146C0B2FFF7D2FC07F13002E1
:10141400B01CD2B24146C0B2FFF7CAFC351DEDB2D2
:1014240004F13002F01CD2B24146C0B2FFF7C0FC56
:10143400B9F1000F3BD0002F4DD00027EF1BFFB2B6
:1014440043E109F13002D2B241463046FFF7B0FC25
:1014540007F13002701CD2B24146C0B2FFF7A8FCBB
:1014640004F13002B01CD2B24146C0B2FFF7A0FC76
:10147400351DEDB2F01C20224146C0B2FFF798FCA6
:101484000127DBE7751CEDB207F13002D2B2414609
:101494003046FFF78DFC2E4691E7341DE4B220223E
:1014A40041462846FFF784FC25460327C6E7741DFA
:1014B400E4B2202241462846FFF77AFC17B12546BC
:1014C4000127BBE7B51DEDB2202241462046FFF7B8
:1014D4006FFC0227B2E7741DE4B22022414628467D
:1014E400FFF766FC25460127A8E71DBBB9F1000FED
:1014F4004FD1002F74D12E2241463046FFF758FCBD
:1015040004F13002701CD2B24146C0B2FFF750FC65
:10151400B01C20224146C0B2FFF74AFC351DEDB293
:10152400F01C20224146C0B2FFF742FC002F62D0DB
:1015340002272BE005F1300241463046FFF738FC24
:1015440009F13002701CD2B24146C0B2FFF730FC40
:1015540007F13002B01CD2B24146C0B2FFF728FCFA
:10156400F01C2E224146C0B2FFF722FC751DEDB2DD
:1015740004F13002301DD2B24146C0B2FFF718FC6C
:10158400B9F1000F41D0002F53D00027EF1BFFB259
:101594009BE009F13002D2B241463046FFF708FC25
:1015A40007F13002701CD2B24146C0B2FFF700FC12
:1015B400B01C2E224146C0B2FFF7FAFB04F1300200
:1015C400F01CD2B24146C0B2FFF7F2FB751DEDB27A
:1015D400301D20224146C0B2FFF7EAFB0127D5E7C0
:1015E400751CEDB207F13002D2B241463046FFF726
:1015F400DFFB2E467FE7741DE4B2202241462846D5
:10160400FFF7D6FB25460327C0E7B41DE4B220222A
:1016140041462846FFF7CCFB17B125460127B5E71D
:10162400F51DEDB2202241462046FFF7C1FB0227FB
:10163400ACE7B41DE4B2202241462846FFF7B8FBCC
:1016440025460127A2E75B46002B42D1002D00F07E
:10165400C5804FF0010A731CDBB2019305F130021F
:1016640041463046FFF7A4FBB9F1000F40F08980F2
:10167400BAF1000F5FD10198461CF6B209F13002AD
:10168400D2B24146FFF794FB751CEDB207F130026C
:10169400D2B241463046FFF78BFB6F1CFFB204F118
:1016A4003002D2B241462846FFF782FBBAF1000F5E
:1016B4000BD000242025E0192A464146C0B2FFF78A
:1016C40077FB0134E4B25445F5D3384603B0BDE8A2
:1016D400F08F06F1010A5FFA8AFA0BF13002D2B2F6
:1016E40041463046FFF764FB56464FF0000AB2E726
:1016F40085B9AA460AF1010AB9F1000F2CD0751C6C
:10170400EDB209F13002D2B241463046FFF750FB48
:101714002E46B9E74FF0000A9DE7B9F1000F60D1FA
:1017240009F1010A5FFA8AFA002FADD1009B032B5D
:1017340020D8574637E075B10198461CF6B209F136
:101744003002D2B24146FFF733FB002F9CD1B9F1EE
:10175400000F99D1EAE7019E009B052B01D0D146E9
:10176400DEE75B46002B40D10AF1010A5FFA8AFAF0
:10177400002F89D1002D87D1009B052B21D05746FE
:1017840011E00236F6B209F13002D2B241460198B4
:10179400FFF70EFB002F7FF477AFBAF1000F3FF491
:1017A40073AFD4E79FB907F1010A5FFA8AFA771C8D
:1017B400FFB204F13002D2B241463046FFF7F8FAE4
:1017C40077E75B46002B7FF45FAF5746EBE74FF0BC
:1017D400000A59E735464FF0000A5EE74FF0010A68
:1017E40088E701964FF0000A45E70196A4E700BF99
:1017F400F8B505460F46164600240CE0394628463F
:10180400FFF7D6FA0135EDB20F2D03D9B7FA87F7F2
:101814007F0900250134E3B2F25C002AEED1F8BD61
:10182400F2B94138062839D8DFE800F004080C0F73
:10183400133817001A4BC3F814187047184BC3F821
:10184400141C7047174B59617047164BC3F8141496
:101854007047144BC3F814187047134B5961704701
:10186400413806281AD8DFE800F004080C0F1319D1
:1018740017000B4BC3F810187047094BC3F8101C22
:101884007047084B19617047064BC3F81014704732
:10189400044BC3F810187047034B1961704700BF1D
:1018A4000000014000100140002001400022A0F18E
:1018B4004103062B09D8DFE803F0040C11151A08BC
:1018C4001F000F4BD3F808280A40101E18BF012030
:1018D40070470B4BD3F8082C0A40F6E7094B9A687B
:1018E4000A40F2E7074BD3F808240A40EDE7054B1A
:1018F400D3F808280A40E8E7034B9A680A40E4E76B
:10190400000001400010014000200140002103E0DC
:101914000A4B5B584350043109480A4B42189A4217
:10192400F6D3094A02E0002342F8043B074B9A42EB
:10193400F9D3FEF77BFFFEF77BFF7047A0FE030899
:10194400000000200400002004000020B83600201D
:10195400FEE7704710B50C46007A05F023FC28B169
:10196400826AA260C36AE381002010BD6520FCE79F
:1019740008B5007A05F052FB10F0010F08D00346B9
:1019840000F0020013F0040F03D040F0040000E064
:10199400012008BD08B58C4611461A466346007AF4
:1019A40005F0A8FA002818BF652008BD08B50B4645
:1019B40011460122007A05F09DFA002818BF65201F
:1019C40008BD08B58C4611461A466346007A05F0F0
:1019D400FDF9002818BF652008BD08B50B4611465F
:1019E4000122007A05F0F2F9002818BF652008BD2D
:1019F40038B50546B0F1FF3F08BF002505EB4503A8
:101A04000C4C04EB031430220021204607F026FC82
:101A1400094BA361094B2361094BE361094B6361E2
:101A2400094B6362094B2362094BA362A5602046FC
:101A340038BD00BF10010020DF190008B1190008EB
:101A4400C7190008991900087519000859190008E0
:101A54005719000878B161B100B500F1FF3C501886
:101A6400134613F801EB0CF801EF8342F9D1501837
:101A740000BD104670475018704700000C4B1B689F
:101A840023B10B4BD3F8FC3E984208D0094BD3F852
:101A940040311BB1084BDB6B834204D07047044BCD
:101AA40001221A60F2E7034B0122C3F84021F5E753
:101AB400E8020020E8120020E8220020F8B5C8B1AE
:101AC4000E46174605460369B3B103242B693A460B
:101AD400314628469847034628B1B0F1FF3F04D069
:101AE400013CF3D111231846F8BD2846FFF7C6FF81
:101AF4001023F8E70F23F6E70F23F4E70B4A02F568
:101B04000A53083302F533520C3203E003F55B73D6
:101B140093420AD019688142F8D193F860130029DE
:101B2400F4D0002183F86013F0E77047E802002046
:101B3400A8B110B50C46036A9BB100230B604B603F
:101B44008B60CB60036A984768B9237B0BB9F02399
:101B54002373E38913B94FF40073E38110BD0F209D
:101B640070470F20FAE71520F8E74A7811F8023B8E
:101B740043EA0223038008467047000008B542F692
:101B8400C8420021074807F069FB4FF48A7200211C
:101B9400054807F063FB054804F066FF002818BFFA
:101BA4000F2008BDE8020020D0010020E40200203C
:101BB4004278007840EA022070470170090A4170B7
:101BC4007047C378827842EA0322437843EA0223C7
:101BD400007840EA0320704701700B0A43700B0C35
:101BE4008370090EC170704738B504460D4609B1BB
:101BF40000230B60D4F8FC0E68B1436AABB198477C
:101C040005B1286010F0040F02D02368022B03D022
:101C140010F0030003D138BD03232360F8E7D4F8A0
:101C2400FC0EFFF72BFF1020F5E71846F3E7F8B595
:101C340004460F4616460325A36932463946204614
:101C44009847034628B1B0F1FF3F04D0013DF3D1DA
:101C540011231846F8BD2046FFF710FF1023F8E7BC
:101C64002DE9F047002844D00E4617461C4680460E
:101C7400D0F8FC5E002D3FD02B69002B3FD0012C07
:101C84004ED06B69FBB14FF0030AD8F80030032B38
:101C94003ED023463A4631462846D5F814C0E0479C
:101CA400814668B100214046FFF79EFF102832D0DC
:101CB400B9F1FF3F17D0BAF1010AE6D14FF011098B
:101CC4004846BDE8F0870368032B1BD0002C1CDDBD
:101CD4004FF0000A29E000214046FFF785FF102855
:101CE40008BF8146ECE72846FFF7C8FE4FF010090D
:101CF400E6E74FF00109E3E74FF00109E0E74FF0B1
:101D04000D09DDE74FF01709DAE74FF00009D7E7CF
:101D14004FF01709D4E78146D2E74FF01709CFE710
:101D24000368032BF9D04FF0000AB8F810100AEB3F
:101D340007020AFB01612846FFF7C0FE814600281E
:101D4400C9D10AF1010A5445EFD1B9E72DE9F047A9
:101D5400002851D00E4617461C468046D0F8FC5E3B
:101D6400002D4CD0AB69002B4CD0012C24D0EB6956
:101D7400DBB14FF0030A23463A4631462846D5F8EC
:101D84001CC0E047814668B100214046FFF72CFFA4
:101D940010283AD0B9F1FF3F28D0BAF1010AEAD1AC
:101DA4004FF011094846BDE8F0879C4202DD4FF030
:101DB400000A03E09946F5E74FF0000AB8F810105E
:101DC4000AEB07020AFB01612846FFF730FF814650
:101DD40020B90AF1010A5445F0D1E3E70021404655
:101DE400FFF702FF102808BF8146DBE72846FFF70C
:101DF40045FE4FF01009D5E74FF00109D2E74FF047
:101E04000109CFE74FF00D09CCE78146CAE7024646
:101E1400408B08B9906A30B1536A916F5B1A0344DE
:101E2400927CB3FBF2F0704710B50446838A426A91
:101E340013448366C28BEAB1C266817D02FB01331F
:101E44000367028B5201018AB2FBF1F24267134429
:101E540083670023C3672046FFF7D9FFB0F57F6F80
:101E640018D34FF6EF73984294BF02200320C4F8AE
:101E7400CC0E10BDC26AC266817D02FB013383674A
:101E84000022C267426B023A817C01FB0233036782
:101E94004167E0E70120EAE72DE9F0470646D0F87C
:101EA4008030002B50D0002400F1AC073EE0A24269
:101EB4004AD9651C95420ED2A0F1080E11F83530AE
:101EC4004BB15EF83530013350F835C0634502D16B
:101ED40001359542F2D3B37D002B3BD050F83480CA
:101EE4004FF00009A5EB040A318A5346424604FB2D
:101EF40001713046FFF7B4FE034640BBF36E9844CD
:101F040009F10109B37D4B45EED8AC4209D2234611
:101F14000021D6F8882002EBC30211710133AB42D1
:101F2400F7D1D6F88030A3420ED92C46D6F88020BB
:101F3400944209D2D6F88800011D11F83430002BE0
:101F4400B5D101349442F8D10023C6F8B438184608
:101F5400BDE8F087AC42DAD3E7E78446D0F8B408AA
:101F640008B3DCF8B008DCF86C30984218D2DCF81E
:101F74008030BBB1DCF868201044DCF88820013BD9
:101F84001168814206D00832013BB3F1FF3FF7D11B
:101F940005207047012313710020CCF8B408704762
:101FA4001220704705207047D0F8B0388B4200F0FB
:101FB400AA802DE9F04F83B004460E46D0F8B43819
:101FC400002B4FD1E36EB34240F2A080D4F880508E
:101FD4005DB1D4F88800A16E3144002350F8332059
:101FE4008A4245D00133AB42F8D1228A4FF40073C0
:101FF40093FBF2F35A0091469A009246B5EB830F95
:1020040048D0C4F8B0684A46B6FBF9FC09FB0CFC9E
:10201400E36E62449A428CBFA3EB0C034B46984692
:10202400A37DCBB104F1AC03228A05FB0233002764
:10203400AB461D4601966646A26E3244E16E4346A7
:1020440001FB072229462046FFF780FE024688B39B
:102054000137A37DBB42EFD84FF0FF33C4F8B0384B
:10206400132211E0FFF779FF02460028AAD00BE003
:102074009D420DD0C4F8B06804F1AC02218A03FB80
:102084000123C4F8AC380022104603B0BDE8F08F39
:102094001D46AAE72046FFF7FFFE02460028F3D1BB
:1020A400D4F88430AB4204BF0346C4F88430D4F877
:1020B4008450A6E7B4462B465D46019E208A4F46CF
:1020C400B6FBF9F109FB116101FB0033C4F8AC382C
:1020D4004E4697B1ED000021D4F88800A36E634406
:1020E4000B444351013108358E42F5D1D4F8803088
:1020F4009A4584BF5B18C4F88030D4F884304B44CC
:10210400C4F88430C0E70022104670471222BBE7AF
:102114002DE9F84F04461746D0F8CC3E022B08D0E0
:10212400012B2BD0032B76D0152398464046BDE8CF
:10213400F88F038A5B081E460D46B1FBF3F1FFF7E7
:1021440033FF80460028F1D1B8B2B5FBF6F306FBA5
:102154001353D4F8AC1801EB430C9CF801E011F8CC
:10216400132042EA0E229042E0D001F81370000AD4
:102174008CF801000123C4F8B438D7E7C2F30B0587
:102184002F4611F00102924669D001EB5106078AED
:10219400B6FBF7F39B461946FFF706FF8046002877
:1021A400C4D12B09994607FB1B63D4F8AC28D25C35
:1021B40002F00F0242EA0512D2B2D4F8AC18C85C9D
:1021C400904203D0CA540122C4F8B4280133228AAD
:1021D4009A4216D952463AB9D4F8AC28D25C22F0C5
:1021E4000F02494611438946D4F8AC28D15C4945CD
:1021F4001FBF4946D1540123C4F8B438002398467C
:1022040094E7594601312046FFF7CEFE8046002868
:102214008CD10346DEE7038A9B081E460D46B1FBBC
:10222400F3F1FFF7C1FE804600287FF47FAFB5FBD2
:10223400F6F206FB1252D4F8AC3803EB82052846BA
:10224400FFF7BFFC014667F31B0188423FF46EAF02
:102254002846FFF7C1FC0123C4F8B43866E701EB54
:102264005105068AB5FBF6F39B461946FFF79CFE1B
:10227400804600287FF45AAFFAB23B0A994606FB1F
:102284001B539AE72DE9F047044689469246D0F855
:10229400CC3E022B08D0012B2CD0032B60D015236D
:1022A40098464046BDE8F087038A5B081E46B1FBAA
:1022B400F3F1FFF779FE80460028F2D1B9FBF6F37B
:1022C40006FB1393D4F8AC2802EB4301497812F8C7
:1022D400133043EA012343F07F6242F47F224FF636
:1022E400EF718B4288BF13465246002AD9D0CAF8F0
:1022F4000030D6E701EB5105068AB5FBF6F73946FF
:10230400FFF752FE80460028CBD106FB17535A1C18
:10231400D4F8AC18CB5C1D46238A934218D9D4F860
:10232400AC389B5C45EA032319F0010F14BF1B0969
:10233400C3F30B0343F07F6242F47F22B3F57F6F54
:1023440028BF13465246002AABD0CAF80030A8E78B
:10235400394601312046FFF727FEE8B90246DEE799
:10236400038A9B081F46B1FBF3F1FFF71DFE80466D
:10237400002896D15546002D93D0B9FBF7F307FBFF
:102384001390D4F8AC3803EB8000FFF71AFC20F06C
:102394007040CAF8000084E7804682E738B50546F5
:1023A400B2B10C4618469047206098B10D4BD3F853
:1023B400FC3E984210D00C4BDB6B98420ED004F0DC
:1023C40053FB68B9236801225A60C5F8100138BD6F
:1023D4000F20FAE70F20F8E70620F6E70620F4E7D7
:1023E4000F20F2E7E8020020E822002000B513687D
:1023F4005360116049B9416F036FD3600B4413619B
:10240400D36893600023536100BDA1F1020E90F8DC
:1024140012C0836F0EFB0C3CC2F80CC0034B9942F4
:102424009ABF837C63440023E9E700BFEFFFFF0FFB
:10243400D0F8CC3E032B04D0CB7E887E40EA032028
:1024440070474A7D0B7D43EA0223CA7E887E40EAB8
:10245400022040EA034070478A76C2F30723CB7612
:10246400D0F8CC3E032B07BFC2F30743120E002360
:102474001A460B754A7570470023C0F8103140683E
:1024840070470000034601290BD84FF48A5201FB20
:1024940002F20648825832B159600020C3F8100194
:1024A40070470120FAE70120F8E700BFE8020020A6
:1024B40070B582B004460E4615462022002106F06F
:1024C400CDFE32687368226063602A88AB7822810B
:1024D400A37201A90DF1060004F0BEFABDF80430A0
:1024E40023761B0A6376BDF80630A3751B0AE375D1
:1024F40002B070BD2DE9F04F85B005468B46FFF75D
:1025040086FC0646D5F8C44ED5F8CC3E032B1FD026
:10251400D8B1002700F102090DF10C08A14598BFBC
:102524000224424621462846FFF7ACFE824640B9C3
:10253400039B002B60D001340137BE42EED1072348
:102544009A46504605B0BDE8F08F07239A46F8E74F
:10255400D5F86C90B9F1000F64D02B8A9B08B4FBBA
:10256400F3F703FB174400230193831C0093B9453D
:1025740098BF002739462846FFF716FD82460028F3
:10258400DFD12B8A9A08B4EB930F2BD2D5F8AC6821
:1025940006EB840602FB07F31C4403EB020803E08A
:1025A40004360134A0451DD03046FFF70AFB00284D
:1025B400F6D1009BA342F3D9631CC5F8C43E5B4625
:1025C4000BB1CBF8004095F8DC3E002BB9D0D5F820
:1025D400D03E013BC5F8D03ED5F8D43E0133C5F812
:1025E400D43EAEE70137019B0133019300249945A2
:1025F400BDD107239A46A4E7631CC5F8C43E5B46D5
:102604000BB1CBF8004095F8DC3E002B99D0D5F8FF
:10261400D03E013BC5F8D03ED5F8D43E0133C5F8D1
:10262400D43E8EE707239A468BE700002DE9F04F4E
:1026340093B005468A46D1F8FC92D1F8F8824D4B06
:10264400059304AAD1F8EC12FFF71CFE034618B157
:10265400184613B0BDE8F08F464ADAF8EC12284663
:10266400FFF756FD03460028F2D1CDF80890CDF8C7
:102674000C80CDF800A095F8DC3E002B59D105A9BB
:102684002846FFF737FF03460028E1D1DDF814B0F0
:10269400049A59462846FFF73BFD0190002867D16C
:1026A400099406AA59462846FFF7A0FE099FDDF8BB
:1026B40028A00F960CAA009BD3F8EC122846FFF72B
:1026C40095FE57454CD23C460F9BA3EB070905F5F5
:1026D4007068012704EB09063B463246414628460A
:1026E400FFF734FB03460028B2D13B46224641465D
:1026F4002846FFF7B5FA034630BB01345445E9D107
:10270400DDF80890DDF80C805946DDF800A0DAF811
:10271400F0420AF53B722846FFF768FECAF8F04219
:10272400DAF8FC329844A8EB0903CAF8F832019BA2
:102734008EE7D5F8D43E013BC5F8D43ED5F8D83E53
:102744000133C5F8D83E9AE72A68022A80D1094A9B
:1027540059462846FFF7DCFC034600288BD077E770
:10276400DDF80890DDF80C805946DDF800A0CEE7CE
:10277400019B6DE7F7FFFF0F1A4A02F50A5308336E
:1027840002F533520C320DE0D3F808C3D1F80CE053
:10279400F44517D10C2000E0002000BD03F55B7365
:1027A40093421DD093F860C31CF0F70FF6D0D3F812
:1027B40000C08445F2D100B5D3F810C3D1F814E0B9
:1027C400F445E1D003F55B739342E5D093F860C31D
:1027D4001CF0F70FF6D0D3F800C08445F2D1EBE734
:1027E40000207047E802002030B50D46164901F577
:1027F4000A53083301F5335C0CF10C0C03E003F5C8
:102804005B7363451BD093F860E31EF0F70FF6D0BB
:1028140019688142F3D16969D3F810438C42EED12F
:10282400E968D3F808438C42E9D1BEF1010F08D11D
:10283400D2F81C1341F00101C2F81C13DFE7002099
:1028440030BD0C20FCE700BFE80200202DE9F8436E
:1028540005460F469046994690F86823062A03D009
:10286400032A01D0BDE8F883174E06F50A5406F58D
:102874003356043603E004F55B74B442F2D0A54247
:10288400F9D094F86823002AF5D0A968A36899427E
:10289400F1D1D5F81813D4F818339942EBD1D4F800
:1028A4001013D5F810339942E5D1012AE3D1E26837
:1028B400EB689A42DFD1414608F118004A4679187C
:1028C400204406F0BFFFD6E7E80200202DE9F04FD0
:1028D4008BB006460D46002414E06746D5F8243232
:1028E40004EB440203EBC202308AD5F820123B1BEE
:1028F400D26804FB00113046FFF7B2F9002840F01B
:10290400B3803C46D5F81C02A0425ADD671CB8428D
:10291400E4DD04EB4402D5F8243203EBC20304F5EE
:10292400807CDA680132596A8A42D7D16745D4D0AB
:1029340001371833B842F4D10746CFE7D5F8EC2273
:102944003046FFF7E5FB024600283DD13C46308A7D
:10295400D5F820123B46D5F8F82208FB0011304682
:10296400FFF77EF9024688B13368022B2CD1294641
:102974003046FFF75BFE024630BBD5F8F012002963
:10298400DCD1D5F8EC32C5F8E832DFE704BB08F156
:102994000108D5F81C32434500F38680019B04935B
:1029A400009B0593CDF818A0CDF81CB0039B0893A9
:1029B40005F53B7404AE0FCE0FC496E8030084E81B
:1029C40003000022C5F81C2210460BB0BDE8F08FAE
:1029D400D5F82422029C144452F83930019A9342C7
:1029E4000BD0009A934204BFD5F8EC320093D5F88B
:1029F4001C32013B434519DCC9E7D5F8EC220192AE
:102A0400D5F8F422594611445046091A8B46D5F894
:102A1400FC1203919246E4E750682168884204BF9F
:102A2400D5F8EC125160013B4345B0D003EB430EA3
:102A3400D5F8241201EBCE0251F83E00D4F800C0C0
:102A44006045E9D1D5F8EC0241F83E00D5F8F4121E
:102A5400D06801449068091AD160D5F8F4129160E5
:102A6400D5F8FC121161D7E704AF05F53B7CBCE84F
:102A74000F000FC79CE8030087E80300D5F8EC3289
:102A84000193D5F8F0320093D5F8F4329A46D5F88C
:102A9400F8329B46D5F8FC320393D5F81C329C429D
:102AA400BFF67CAF0127A04608EB4803DA00029288
:102AB400D5F8241201EBC30251F833005168D2F85F
:102AC40008E0D2F80CC0C5F8EC02C5F8F012C5F85D
:102AD400F4E2C5F8F8C210695169C5F8FC02C5F8FA
:102AE40000130024994632E7F0B583B0D1F8F822F8
:102AF400D1F8FC329A424DD305460C46D1F8E8325F
:102B0400B3B901F53A71FFF7F5FC0746002843D144
:102B1400D4F8E83204F53B721C4619462846FFF700
:102B240065FC1F4A21462846FFF7F2FA074633E0C0
:102B34006A46D1F8EC12FFF7A5FB074660BB009983
:102B4400184B994205D804F53B722846FFF74EFC12
:102B540022E001A92846FFF7CDFC034608B11F4631
:102B64001AE0019E0E4A31462846FFF7D1FA034681
:102B74000028F4D13246D4F8EC122846FFF7C8FAFC
:102B840003460028EBD104F53B7231462846FFF793
:102B94002DFC01E000231F46384603B0F0BD00BF02
:102BA400F8FFFF0FEFFFFF0FF8B54E680EB9304680
:102BB400F8BD05460C461746FFF796FF0646002863
:102BC400F5D14FB3D4F81C32082B2DD0D4F81C32D5
:102BD4000BB9C4F82072D4F824525A1CC4F81C222D
:102BE40003EB430305EBC302D4F8EC02D4F8F01270
:102BF400D4F8F4E2D4F8F8C245F833005160C2F8CE
:102C040008E0C2F80CC0D4F8FC02D4F80013106138
:102C1400516100236360CAE7D4F81832002BF8D15D
:102C240004F118031F4611E021462846FFF74EFE23
:102C34000028CBD00646BAE7D4F8EC222846FFF7A2
:102C440067FA08BBD4F81832002BE2D10123D4F878
:102C5400F82239462846FFF703F80028D9D02B6814
:102C6400022B0DD121462846FFF7E0FC50B9D4F8D9
:102C7400F0120029E0D1D4F8EC32C4F8E832E1E7EC
:102C8400064694E7064692E7064690E72DE9F041AA
:102C940082B004460D46D0F8C43E8B4288BFC0F8CB
:102CA400C41E8A1E174B9A4224D801AE00279846A8
:102CB40003E0019DAB1E43451CD8324629462046FD
:102CC400FFF7E0FA0346C8B93A4629462046FFF71B
:102CD4001FFA034690B994F8DC3E002BE9D0D4F8EF
:102CE400D43E013BC4F8D43ED4F8D03E0133C4F8FA
:102CF400D03EDEE72046FFF730F90346184602B01F
:102D0400BDE8F081EDFFFF0F70B582B005460C46BB
:102D14002AB191F8683343F0400381F86833D4F85A
:102D24001863D4F81013284601F087FD08B102B0E7
:102D340070BD05F54C6303EB4616D4F8E822314622
:102D44002846FFF789FB616906F11C00FEF744FF82
:102D540001A90DF1060003F07FFEBDF80430D9B2DD
:102D640031761B0A7376BDF80620B275120AF27525
:102D7400B174F374284601F078FDD8E770B50646BF
:102D84000C4691F8683343F0400381F86833FFF749
:102D94009DFD054610B9D4F8E83233B90122214625
:102DA4003046FFF7B1FF284670BD02462146304643
:102DB400FFF7AAFF0546F6E72DE9F84F8346884654
:102DC40091469A4600251D60284C06E0CAF800602A
:102DD400013504F55B74032D3FD0264694F868C38F
:102DE4001CF0F70FF4D0A3684345F1D1D4F81823AD
:102DF400D9F814309A42EBD1D4F81023D9F80C3016
:102E04009A42E5D1BCF1010FE2D0BCF1030F02D02C
:102E1400BCF1060F26D1D6F81C3313F001010F467E
:102E2400D4D143F001033146C6F81C33002258467E
:102E3400FFF7BAFE0028C9D0012231465846FFF7F1
:102E440063FF0B4B4FF45B7202FB053342F2E85114
:102E54005A5C42F040025A5401E000231F463846AF
:102E6400BDE8F88F0C231F46F9E700BF6825002052
:102E7400E802002000F00F02022A0DD8084B4FF49C
:102E84005B7101FB023303F50A531B68834205D1CE
:102E9400044801FB0200704700207047002070477F
:102EA400E80200206825002010B5044603F0ECFD7C
:102EB400074B1B68834218BF012000D010BD2CB102
:102EC400034B23600020C3F80801F7E72046F5E729
:102ED400D001002038B503F0D7FD05460020FFF7E8
:102EE400E3FF044660B10E4C204603F0C1FD002808
:102EF400FAD10C4B1C682CB1094803F0C1FD07241E
:102F0400204638BD1D605C60C3F810411C81A3F8E5
:102F14008840C3F80841024803F0B2FDF0E700BF5F
:102F2400E4020020D001002038B50446D1F8FC0E9C
:102F340070B10D46D4F8083183420BD003F098FDEC
:102F440008B1162038BDD5F8FC3EC4F80831F9E7BD
:102F54000120F7E70020F5E7012901D90120704796
:102F64002DE9F04F87B00C4617464FF48A5303FB04
:102F740001F29146CC4BD3181E4698461946054695
:102F8400FFF7D2FFA0B905EBC4100830C6F8C80E8D
:102F940007B13E604FF48A5304FB03F3C24AD3588B
:102FA400012B14D009DC33B92046FEF7A7FD01201C
:102FB40007B0BDE8F08F0120FAE7023B012B00F2D5
:102FC400188200214046FEF70FFE0028F0D0B64BD1
:102FD4004FF48A5202FB0433D3F8FC3E002B00F07A
:102FE4000482B14B02FB04310D460023C1F880304A
:102FF400C1F88430D1F888201371D1F88820137374
:10300400D1F888201375D1F8882013774FF0FF3258
:10301400C1F8B82CC1F8B438C1F8B028C1F8C02E32
:10302400C1F8C43E81F8DC3E2046FEF767FDD5F8C2
:10303400C83E0BB100221A809B4B4FF48A5202FB0C
:1030440004330022C3F8CC2E05A94046FEF7CCFD7C
:1030540003460028ACD14D46281D64221946924EE1
:10306400304406F0FBF84FF48A5303FB0463D3F8AF
:10307400E02E17460022C3F8E42ED3F8FC0E0028F5
:1030840000F0828106F6EC614944FEF751FD002808
:1030940040F0B2814FF48A5202FB0463B3F8FA3E63
:1030A400B3F5007F00F2A38102FB0463D3F8F42E8E
:1030B400C3F8E82E002A00F0678106F570631D440A
:1030C400AB460023029301934FF48A5202FB04633C
:1030D4001E460394EBE0039C002F40F055815A46B2
:1030E40003214546281DFEF7B5FC02460821E81DCC
:1030F400FEF7B0FC014608F11000FEF736FDB8F803
:103104001030B3F5007F00F2FB80014611F8013B5B
:1031140088F8123008F11400FEF727FD014611F873
:10312400013B88F8163008F11800FEF71EFD014631
:1031340008F11A00FEF719FD014611F8013B88F861
:103144001C3008F11E00FEF710FD014608F12000B6
:10315400FEF70BFD014608F12200FEF706FD0646C8
:10316400FEF72FFD0346C8F82400301D4E4A4FF4E5
:103174008A5101FB0422D2F8E42E9A4288BFC8F88F
:103184002420FEF71EFDC8F82800324608321546F2
:10319400B8F81E30002B40F0BD80002800F0F48009
:1031A400414B4FF48A5202FB04330322C3F8CC2E62
:1031B4002846FEF706FDC8F82C0031460C3108F10C
:1031C4003000FEF7D2FC014608F13200FEF7CDFCD8
:1031D4000646FEF7F6FCC8F834003146043108F11F
:1031E4003800FEF7C2FC014608F13A00FEF7BDFCC8
:1031F40002460C2108F13C00FEF72CFC014608F1C4
:103204004800FEF7B2FC064610F8013B88F84A3045
:10321400FEF7D7FCC8F84C00324605320B2108F102
:103224005000FEF717FC0246082108F15B00FEF788
:1032340011FC02464FF4D2710020FEF70BFC02464B
:10324400022108F16300FEF705FC97E0009B164A93
:103254004FF48A51039801FB002201981918C2F80F
:10326400E41E002840F0CC80029001931FE010344B
:103274004C451BD014F8045C002DF8D02046FEF712
:10328400A0FC009053460344C6F8E43E201DFEF71C
:1032940098FCC6F8E80E0F2DD8D0052DD6D037B13E
:1032A4007B1E1F460122E2E7E80200202AB3012325
:1032B400D6F8E42E59464046FEF748FD024600285B
:1032C40040F099809BF8FE31552B40F08A809BF8A2
:1032D400FF31AA2B40F087809BF8003003F0FD03F8
:1032E400E92B3FF4F8AE0BF5E3740BF20623994691
:1032F400029B01990B449A46BCE7039C15207BE092
:10330400404B4FF48A5202FB04330022C3F8CC2E04
:103314001B204DE64046FEF787FD3A4B4FF48A5298
:1033240002FB0433D3F8CC3E032B3FF441AF2946D0
:1033340008F14800FEF719FC064610F8013B88F82E
:103344004A30FEF73EFCC8F84C00324605320B21E9
:1033540008F15000FEF77EFB0246082108F15B00ED
:10336400FEF778FB02464FF4E0710020FEF772FB93
:103374000246022108F16300FEF76CFB98F81C304A
:1033840003F0F703F02B09D01E4B4FF48A5202FBD3
:1033940004330022C3F8CC2E022009E64046FEF78F
:1033A40043FD194BD3F8C43C01331A0108BF012370
:1033B400154AC2F8C43C059810F0040009D04FF433
:1033C4008A5304FB03F3A2F500520321D15038467B
:1033D400EEE54FF48A5304FB03F30A4A0221D15069
:1033E400E6E5039CD0E7039CCEE70120E0E51B2043
:1033F400DEE50120DCE5039C1B283FF4D9ADC3E7DF
:10340400029354E7E8020020E8220020F8B50746BA
:10341400012929D80C464FF48A5104FB01F11448C0
:10342400415819BB4FF48A5505FB04FC0646654612
:1034340041190CF18C003044C1F88800002046F892
:103444000C00C1F8E03EC1F8FC2E014606EB0C006E
:10345400FEF7CAFB01237351002221463846FFF7C9
:103464007BFDC7F81001F8BD0120FAE71D20F8E73D
:10347400E802002030B583B00546012918D80C466F
:103484004FF48A5104FB01F10D48415891B901A947
:103494002846FEF783FF78B9019A7AB10346506053
:1034A40021462846FFF7B2FFC5F8100103B030BD2E
:1034B4000120F9E71D20F7E70F20F5E70120F3E7E6
:1034C400E802002010B504460022FFF745FDC4F8C9
:1034D400100110BD50B110B50446D0F8080120B158
:1034E40003F0CEFA0023C4F8083110BD70478A7C7B
:1034F4000B8A02FB03F342694FEA630C0CEBD20C18
:103504009CFBF3FCBCF1010FB8BF4FF0010C03FBB3
:103514000CFC0923C0F860331F214FF4007294455A
:1035240007DD5200D0F860330133C0F8603301394D
:10353400F5D14FF0FF33C0F82033C0F82433C0F87E
:103544002833C0F82C33C0F83033C0F83433C0F813
:103554003833C0F83C337047C368D0F86023D34095
:103564005A1E072A06D800EB8303D3F81C23B2F1B2
:10357400FF3F00D07047D0F8EC22C3F81C23D0F8EA
:10358400F022C3F83C23F5E72DE9F04F8DB0054652
:103594000C4693460293002B00F0CE801A461B681B
:1035A400019300231360D4F8EC128A1E674B9A42ED
:1035B40000F2C4800DF12C09984604F53B7AD4F846
:1035C400F872D4F8FC62B74217D34A462846FEF78D
:1035D40059FE0346002840F0B4800B998B1E4345E6
:1035E40000F2AE8052462846FEF700FFD4F8EC12F3
:1035F4008B1E4345E3D90923A3E05B46002B5FD030
:10360400019BB3F5807F28BF4FF480730193A6EB31
:103614000709994571DA95F812A006F1FF38C4F844
:10362400F8820DF1140C04F53B7EBEE80F00ACE803
:103634000F009EE803008CE803002046FFF78CFF90
:1036440009F1FF32298AE36801FB0233E36003973F
:103654004746B0460BAAD4F8EC122846FEF712FEF1
:10366400034600286DD10B998B1E384A93423ED8ED
:10367400089705AA2846FEF7B9FE089F099E20462A
:10368400FFF76AFFB84555D104F53B7C0DF1140EE4
:10369400BEE80F00ACE80F009EE803008CE80300CE
:1036A40009EB0A02019B9A4210D2298AE3680AFBB9
:1036B4000133E360731EC4F8F832B0469146C9E79B
:1036C40004F118039B464FF0010926E0B846039F16
:1036D4001946A3EB090908F1FF334B44C4F8F83247
:1036E4002A8AE36809FB0233E360894615E0039FF5
:1036F40008F1FF36C4F8F8620FE02046FFF72CFF0C
:103704007B1EDDF804904B44C4F8F83209F1FF3213
:10371400298AE36801FB0233E3604B463A46594683
:103724002846FEF713FB034658B9029A4AB1C2F879
:10373400009006E0039FF0E7019334E7092300E0DB
:10374400092318460DB0BDE8F08F00BFEDFFFF0F51
:103754002DE9F04F87B005460E4691469B461098DA
:10376400FFF788FB002800F00481044690F86823E2
:10377400012A0AD0043AD2B2022A06D90822002029
:10378400C5F8102107B0BDE8F08F04AAA168284647
:10379400FFF7E2FB0246002840F0ED800BFB09FB3B
:1037A4008345C0F2EA80BBF1000F00F0E880216994
:1037B400E068014460690BEB0107874206D2924638
:1037C400174601920295CDF80C90A8E0A0EB010BEE
:1037D400BBF1000FF3DC1046D2E763686BBBE36810
:1037E40022691344E36000232361D4F8F8320133DF
:1037F400C4F8F8322B8A5B4552DA9BFBF3F305934A
:1038040005AB324621462846FFF7BEFE8046DDF86A
:1038140014A0BAF1000F59D02A8A0AFB02F35B45BF
:1038240035D00AF1FF3A2B8A03FB0AFA5644A9EB76
:103834000A0B57444FF0010A3BE000222146284678
:10384400FFF7B2F9804640B92846FEF786FB80466A
:1038540080B92046FFF780FEC1E7029DDDF80C9099
:1038640094F8683343F0400384F8683397FBF9F025
:10387400424685E7029DDDF80C9094F8683343F0E6
:10388400400384F8683397FBF9F0424678E70AF17D
:10389400FF3102FB016104F1180005F0D3FFC0E71A
:1038A40000231A4621462846FFF76EFE8046DDF8BF
:1038B40004A02046FFF750FEB8F1090F09D0B8F173
:1038C400000F33D0029DDDF80C9008E04FF0010AA0
:1038D400EFE7029DDDF80C90BBF1000F09D094F8DE
:1038E400683343F0400384F8683397FBF9F04246A9
:1038F40046E797FBF9F05A4642E7D068D4F80CC083
:1039040084452CD02A461944304605F09BFF2E44AA
:1039140023692B4423612F44BBEB050B22D0D946EA
:10392400049D2B8A22699A423FF457AF23692D8A5A
:10393400ED1A4D4528BF4D46BAF1000FE7D104F109
:103944001801D4F86423002ADCD092F8680306280E
:10395400D3D00328D1D00022C4F86423D2E702F1E3
:103964001801CFE7029DDDF80C9097FBF9F05A4659
:1039740006E7082204E7002002E71C2200E75A4673
:103984005846FDE62DE9F04F85B0074601911446EF
:103994001D469DF8381052699A420FD294F8683344
:1039A400023BDBB2042B05D908239A46504605B0E6
:1039B400BDE8F08FAB1A9B46154601E000239B46F9
:1039C40041B9E368AB4205D83A8A1A44AA4201D9FC
:1039D4005A463AB163684BB9636963BB5B461BBB28
:1039E400DA46E3E7EB1A23619246DFE70022214639
:1039F4003846FFF7D9F8824630B194F8683343F07B
:103A0400400384F86833D1E73846FEF7A6FA8246C5
:103A140030B194F8683343F0400384F86833C5E761
:103A24002046FFF799FDD7E722460199384600F072
:103A340069FA8246BAE7BB7C3E8A03FB06F6E06875
:103A4400B0FBF6F0B5FBF6F3834277D300FB06F345
:103A5400E360D4F860C325FA0CF3002B15DD013BB9
:103A6400072BA8BF07234FF0000E04F5497202EBA1
:103A7400830252F8041DB1F1FF3F74D1013BB3F14D
:103A8400FF3FF6D1BEF1000F01D100FB1655002314
:103A94002361B5421ED30DF10C08DFF8489142466C
:103AA400D4F8EC123846FEF7EDFB824600286ED1BE
:103AB400AD1BE3683344E360039B4B456ED8D4F8F5
:103AC400EC22C4F8F022C4F8EC322046FFF744FD9F
:103AD400AE42E4D9D4F8F06204F53B72D4F8EC12A7
:103AE4003846FEF783FCC4F8F0623B8AAB420CD83C
:103AF400D4F8F8320133C4F8F8323A8AAD1AE368DC
:103B04001344E3603B8AAB42F2D9256100231A4691
:103B140021463846FFF738FD824600287FF446AF39
:103B24002046FFF719FD5B46002B3FF43FAF2246CA
:103B34000199384600F0E6F9824637E70023E3604E
:103B4400C4F8F032D4F8E832C4F8EC32D4F860C3E4
:103B540025FA0CF3002B9ADD013B072BA8BF0723A2
:103B64004FF0010E81E75A1C02FA0CF2D4F80CC093
:103B7400944509D2E260AD1AC4F8EC12D03354F87B
:103B84002330C4F8F03282E700FB16557FE794F83F
:103B9400683343F0400384F8683307E7CDB9D4F8B9
:103BA400F05204F53B72D4F8EC123846FEF71EFCD2
:103BB400C4F8F052D4F8FC32C4F8F8325B46002B57
:103BC4003FF4F4AE22460199384600F09BF9824650
:103BD400ECE694F8683343F0400384F86833122326
:103BE4009A46E3E6EFFFFF0F2DE9F04182B0074666
:103BF4008846154692F86833062B04D0032B02D06E
:103C040002B0BDE8F0811F4E06F50A5406F533569E
:103C1400043603E004F55B74B442F1D0A542F9D054
:103C240094F86833002BF5D0A968A2689142F1D1C9
:103C3400D5F81813D4F818239142EBD1D4F8101303
:103C4400D5F810239142E5D1012BE3D16B6963616F
:103C5400D4F8E832002BDDD1D5F8E8120029D9D008
:103C6400C4F8E81204F53B723846FEF7BFFB0023A4
:103C7400E36001220092224641463846FFF782FE65
:103C8400C8E700BFE80200202DE9F04F89B00546DF
:103C940004908846174605921E461298FFF7EAF8E4
:103CA400002800F01581044690F86823023AD2B245
:103CB400042A00F2108107AA81682846FFF74CF90C
:103CC4000390002840F0118107FB06F68642C0F2FB
:103CD4001081002E00F00F81656973199D4280F0F8
:103CE4000C81C4F818020090824602904FF0010B38
:103CF40004F11803019384E0029A21463846FEF742
:103D040053FF064640BB2046FFF726FCE3682269C2
:103D14001344E36000232361D4F8F8320133C4F878
:103D2400F8323B8A4B4573D900231A46214638465C
:103D3400FFF72AFC054600286AD0092868D02146E6
:103D44003846FFF71BF8002840F0D980059B9AFB02
:103D5400F3F303932E46C1E0656121463846FFF72D
:103D64000DF8002840F0BA80009B059A93FBF2F30B
:103D74000393B3E0002241462046FEF767FD58E076
:103D84003A8A4146019805F05DFDC4F818B24246EE
:103D940021463846FEF708FF064610B9CDF80880DC
:103DA4001DE021463846FEF7E9FF002840F09680E2
:103DB400059B9AFBF3F3039390E02A464146019B4B
:103DC400184405F03FFDD4F81C3313F0010F35D12E
:103DD40021463846FEF788FE0646002835D1A84419
:103DE400A9EB05060AEB050923692B4423616569E0
:103DF400E2681344AB4288BF6361CDF800A07EB390
:103E0400CA46B146079F3B8A22699A423FF474AF7F
:103E140020693E8A361A35464E4528BF4D46C4F8B9
:103E240004B03B8A9D42C8D1D4F81C2312F0010F80
:103E3400A0D14E45A4D2CDF80880D0E72B46226904
:103E440001992046FEF702FDC2E721463846FEF7F7
:103E540095FF002842D1059B9AFBF3F303933DE0C1
:103E640021463846FEF732FD0546B0B9D4F81C3376
:103E740013F0010F0BD0024621463846FEF794FE9C
:103E84000646C0B9224604993846FFF7ADFE059BA5
:103E940099FBF3F303932E4620E094F8683343F040
:103EA400400384F86833D4F8E8123846FEF7EEFE8F
:103EB40003962E4612E0012221463846FEF724FFDF
:103EC40094F8683343F0400384F86833039505E0BD
:103ED4000826039002E0082600230393049BC3F8FA
:103EE4001061039809B0BDE8F08F039E002303938B
:103EF400F4E71C26F2E70396F0E70926EEE70396BB
:103F04002E46EBE72DE9F04782B006468846174671
:103F14001D4600F57069028A0021484605F09EF9A5
:103F2400EDB14FF0010A348AAC4228BF2C463B68FD
:103F340000932346524649464046FFF7A5FE844275
:103F440003D12D1BEFD1002006E097F8683343F02E
:103F5400400387F86833142002B0BDE8F087284690
:103F6400FAE7000070B582B0054606460846FEF73B
:103F740081FF002867D0044601AA81682846FEF71D
:103F8400EBFF78BBD4F81C3313F0010F0ED0304B89
:103F9400D3F8E4359C4229D02D4BD3F850399C42B8
:103FA40029D02B4BD3F8BC3CA34229D094F86833D6
:103FB40013F0400F13D1012B11D046D9023BDBB2D1
:103FC400042B3ED8019D002221462846FEF7ECFD35
:103FD400D8B1012221462846FEF796FE142000237C
:103FE40084F86833C6F8100102B070BD184B002283
:103FF400C3F8E425D0E7164B0022C3F85029D0E7D4
:10400400134B0022C3F8BC2CD0E72846FDF7A5FFCC
:1040140030B1012221462846FEF776FE1420DEE761
:104024002846FDF739FF08B11420D8E72246314667
:104034002846FFF7D9FD002221462846FEF764FEF4
:10404400CDE70820CBE70820CCE70820CAE700BF6B
:10405400E8220020F0B585B0054617461E460846FE
:10406400FEF708FF00284FD0044690F868C30CF10F
:10407400FF3C5FFA8CFCBCF1050F47D803AA8168AA
:104084002846FEF769FF002841D1012E04D0022EF4
:104094001AD07EB30B203AE0E368226913443A460F
:1040A400002F0CDBDF4236D2002200923A461A443B
:1040B4001346224629460398FFF764FC27E01A4476
:1040C4009A42F1D9222022E063693A46002F0CDBA0
:1040D400DF4222D2002200923A461A441346224674
:1040E40029460398FFF74EFC11E01A449A42F1D98D
:1040F40022200CE0B74212DB00963B4622462946BA
:104104000398FFF73FFC02E0082000E00820C5F810
:10411400100105B0F0BD2220F9E72220F7E72220A4
:10412400F5E700207047C0F8101108467047C0F842
:104134001011704728B30288E52A24D0821E32F871
:10414400023F13B3581E80B21E2820D919B13F2B49
:104154001FD02A2B1FD03C2B0BD8212BEFD9223B6D
:104164009BB20F4820FA03F313F0010FE7D00120AC
:10417400704723F020005C280FD03E2BDFD10120B4
:10418400704701207047012070471846704701208E
:10419400704701207047012070470120704700BF1D
:1041A4000120000510B501F1080C08231CF801EDED
:1041B400BEF1200F01D1013BF8D1002B0BDD1C46D1
:1041C40000EB4303844611F801EB2CF802EB634542
:1041D400F9D100EB44009378202B08D15378202B9D
:1041E4001AD11378202B18BF012312D000E0032327
:1041F40084462E212CF8021B9E46013300EB43001B
:10420400634612F8011B23F8021B8342F9D10CEB1D
:104214004E000023038010BD0223E9E7B0F810C06C
:104224000B69634501D00020704770B582B0054624
:104234000C464B68002B39D1D4F8F8320133D4F84A
:10424400FC22934243D0C4F8F832D4F8F4022A8A08
:104254004FF4007393FBF2F35B00D4F8FC12091AD9
:104264008B4228BF0B4619461E46D4F8F822D5F8CF
:10427400B83CD31A8B4211D343189A4248D20B4606
:10428400024605F6B8012846FDF760FD00284DD129
:10429400D4F8F432C5F8B83CC5F8BC6C00202061F1
:1042A400298AE2680A44E26002B070BDD1F8F822BB
:1042B40000F6B801D0F8B83CD01A01230CFB001169
:1042C4002846FDF7CDFC0028EED16060B4E7D4F8B1
:1042D400EC32184A934225D833B9D5F8CC3E032B97
:1042E40022D16B6BC4F8EC3201AAD4F8EC12284644
:1042F400FDF7C8FF50B901998A1E0F4B9A4205D8A1
:1043040004F53B722846FEF771F89EE70920CBE7D7
:104314000B4605F6B8012846FDF718FD40B9D4F858
:10432400F832B7E70920BFE70920BDE70020BBE763
:104334000020B9E7EFFFFF0FEDFFFF0F70B5054653
:104344000C461046FEF796FD50B306460146284635
:10435400FFF764FF00B170BD05F6B801D6F8F83276
:10436400D5F8B82C9B1A2D8A326905FB03228B18C9
:1043740051F802C05D689968DA68C4F800C06560E5
:10438400A160E260D3F810C05D699969DA69C4F884
:1043940010C06561A161E261336920333361DAE7FA
:1043A4000820D8E72DE9F04F83B0074616461D468E
:1043B4000846FEF75FFD002800F0AA800446B6F127
:1043C400FF3F32D0760135B1012D40F0A380E36880
:1043D400226913441E4463688BB1D4F8F82207F6AB
:1043E400B801D7F8B83CD01A3D8A012305FB001167
:1043F4003846FDF735FC002840F08D8060600023CE
:104404002361E36004F53B784246D4F8E812384669
:10441400FDF7ECFF3A8A1546964215DBDFF8149156
:104424000DF1040ADFF810B163E0012D03D0002D73
:104434007ED00B206FE0036913B96FF01F06C6E747
:10444400203B0361002066E02661D4F8F4123B8A25
:104454004FF4007595FBF3F56D00D4F8FC325B1A4C
:104464009D4228BF1D46D4F8F822D7F8B83CD31A89
:104474009D4253D86B189A4210D22B460A4607F62F
:10448400B8013846FDF762FC002849D1D4F8F4326B
:10449400C7F8B83CC7F8BC5C00203CE02B4607F6E4
:1044A400B8013846FDF752FC00283BD1D4F8F83265
:1044B400EEE7D4F8EC324B4536D833B9D7F8CC3ED6
:1044C400032B33D17B6BC4F8EC325246D4F8EC1294
:1044D4003846FDF7D7FEC8B901998B1E5B4515D840
:1044E40042463846FDF782FF761B3D8A2A46B5428E
:1044F400AADCE3681344E360D4F8F8320133D4F857
:10450400FC229342D5D0C4F8F832EDE7092002E04A
:10451400082000E00B2003B0BDE8F08F0020FAE78C
:104524000020F8E70020F6E70920F4E70920F2E785
:10453400760150E7EFFFFF0FEDFFFF0F2DE9F0418C
:1045440006460C461046FEF795FC002844D0054666
:1045540001463046FFF762FE804610B14046BDE892
:10456400F08106F6B807D5F8F832D6F8B82C9B1ABD
:10457400318A2A6901FB0322BB182168D4F804E0BC
:10458400D4F808C0E068B950C3F804E0C3F808C020
:10459400D8602169D4F814E0D4F818C0E06919612E
:1045A400C3F814E0C3F818C0D861D6F8C03ED5F8F3
:1045B400F8229A4205D02B6920332B6101236B60CA
:1045C400CCE7328AD6F8B81C591A02FB017106F5F9
:1045D4004C6005F037F9EEE708239846BEE770B55E
:1045E400064614460846FEF745FC38B10546002346
:1045F40080F8683343682BB9204670BD844208BFF5
:104604000824F9E7D0F8F82206F6B801D6F8B83C41
:10461400D01AB6F810C001230CFB00113046FDF788
:104624001FFB18B1002C08BF0446E5E76860E3E708
:1046340010B51D4802F01CFA002833D102461B4B6A
:1046440093F8E83583B1194B93F854393BB3174BBE
:1046540093F8C03C2BB1144802F012FA002420460F
:1046640010BD134C022200E0124C00232361E360CE
:104674006361C4F8E832C4F8F03263600B49D1F8DE
:10468400C41C02EB01122260C4F81C32C4F82032AC
:10469400082384F86833044802F0F2F9DFE7064C93
:1046A4000122E2E70024DAE7E4020020E822002005
:1046B400402C002068250020D4280020F8B50646A8
:1046C4000F461546FFF7B4FF044688B38760C0F869
:1046D400E85200F53B7229463046FDF787FED4F8D0
:1046E400F422338A4FF4007595FBF3F56D00D4F88A
:1046F400FC329B1A9D4228BF1D46D6F8B81CB1F166
:10470400FF3F04D0D4F8F8325B1A9D420CD82B46F4
:1047140006F6B8013046FDF719FB58B9D4F8F4325F
:10472400C6F8B83CC6F8BC5C012384F86833246836
:104734002046F8BD002384F868331C46F8E72DE9C9
:10474400F04788B01F4693F80C32012B51D8044629
:10475400FFF7B4FF054600284FD00023D7F81022F6
:1047640001462046FFF71EFE024670BBD7F81062D2
:10477400D7F814329E4222D8E8464FF0010A4FF08F
:10478400FF392A4641462046FFF7D8FD024608BBBA
:1047940053464A4629462046FFF704FE0246F0B92E
:1047A400E5238DF800302A4641462046FFF7C6FE31
:1047B4000246C8B90136D7F81432B342E1D2002216
:1047C40029462046FFF70BFF14E029462046FFF751
:1047D40006FF0FE029462046FFF701FF0AE02946BD
:1047E4002046FFF7FCFE05E029462046FFF7F7FECA
:1047F40000E0042008B0BDE8F0870320FAE701399F
:10480400A0F1020C002311F8012F22B12CF8022F81
:1048140001333F2BF7D1002220F813207047844640
:104824008A1E3F30634632F8021F03F8011B83429D
:10483400F9D100238CF83F30704738B5D0F8C03E2A
:104844008B4201D1002038BD04460A460D4601239F
:1048540000F54C61FDF77AFA10B9C4F8C05EF2E7CE
:104864004FF0FF33C4F8C03EEDE710B50446D0F86E
:10487400C00EB0F1FF3F19D0D4F8B83CC01AD4F838
:10488400BC3C984208D30123D4F8C02E04F54C61F3
:104894002046FDF7E5F910BD228A04F6B80304F5B5
:1048A4004C6102FB003004F0CDFFECE71220F2E78C
:1048B40070B50D46037853B304461646E52B26D04F
:1048C400C37A0F2B27D091F80C32022B06D191F822
:1048D4000A3203F03F03012B00F0BB80C5F81462D9
:1048E400C5F810622E4604F1080221462846FFF757
:1048F40059FC237B13F0080F40F0D880237B13F07E
:10490400100F40F0E780012385F80C3202E0032306
:1049140085F80C3270BD1A30FDF74AF9002871D1C0
:10492400217801F03F035A1E132A6FD8013B03EB91
:10493400430203EB820211F0400F6BD085F80A1298
:10494400022385F80C3202F10D03002125F813101F
:10495400637B85F80B32C5F81062C5F81462A17840
:10496400090205EB420325F812106078014325F88B
:104974001210227912025A80E1780A435A80A279ED
:1049840012029A8061790A439A80227A1202DA80AA
:10499400E1790A43DA80A27A12021A81617A0A431F
:1049A4001A81E27B12025A81A17B0A435A81627CFA
:1049B40012029A81217C0A439A81E27C1202DA81F2
:1049C400A17C0A43DA81627D12021A82217D0A43A4
:1049D4001A82E27D12025A82A17D0A435A82627EC1
:1049E40012029A82217E0A439A82627F1202DA823A
:1049F400217F0A43DA82E27F12021A83A17F0A43EB
:104A04001A8387E7032385F80C3283E7032385F8A9
:104A14000C327FE795F80B02637B984203D00323A3
:104A240085F80C3276E795F80C32022B0DD195F807
:104A34000A3203F03F03013B994203D0032385F874
:104A44000C3267E785F80A1289E7032385F80C32EC
:104A540060E7411E07300022D30103EB520311F833
:104A6400012F134403F0FF028142F5D1D30103EB7C
:104A74005202D2B2237A1A44C2F3460303EBC2139E
:104A8400DBB2627A1344C3F3460202EBC313A27A85
:104A9400134495F80B2203F0FF039A427FF41EAFF0
:104AA400002385F80C32C5F8146233E72B882BB940
:104AB40024E736F8023F002B3FF420AF2E2B3FF4BF
:104AC4001DAFA3F1410292B2192AF2D82033DBB20E
:104AD4003380EEE72B461A88002A3FF414AF0233E2
:104AE4002E2AF8D119461B882BB90CE731F8023F5E
:104AF400002B3FF408AFA3F1410292B2192AF5D872
:104B04002033DBB20B80F1E72DE9F04F8DB001913A
:104B140015460293DDF85890032389F80C324FF0C0
:104B2400FF33C9F81032C9F814321268664B9A423E
:104B340021D8002700F54C66CA468146B8462F4660
:104B44003546F9683B69994280F08F802E467C692E
:104B54004846FFF772FE8346002840F0A880B9F863
:104B640010207B69B3EB521F75D206EB44144D46FB
:104B7400B946039651E000239B4625E0934215D1A4
:104B8400E3B136F8023FA3F1610189B2A3F1200237
:104B940092B2192998BF134630F8022FA2F161018D
:104BA40089B21929EAD8203A9342EAD005AE04F131
:104BB400080221463046FFF7F5FA0DE0029B002B70
:104BC40078D01C6001239B4658460DB0BDE8F08F99
:104BD400934216D1002B34D036F8023BA3F1610185
:104BE40089B2A3F1200292B2192998BF134637F86B
:104BF400022FA2F1610189B21929E9D8203A93421E
:104C0400EAD008F101082034D9F814300133C9F886
:104C140014302A8AB3EB521F1AD242465146204618
:104C2400FFF746FE2378002BCED0E52BE9D0E37ABC
:104C340013F0080FE5D1AAF10206019B9F1E384626
:104C44009FE7029B002B38D01C6001239B46BBE7E7
:104C54004F46A946039E00237B61F9680131F96040
:104C64003B699942FFF473AF35463B6833B9D9F8D1
:104C7400CC3E032B24D1D9F834303B6004AA3968E4
:104C84004846FDF7FFFA834670B904998A1E0F4B14
:104C94009A4209D83A464846FDF7A8FB3A680A4BB7
:104CA4009A427FF64EAF8FE700239B468CE70023A2
:104CB4009B4689E701239B4686E701239B4683E7BE
:104CC40000239B4680E700BFEFFFFF0FEDFFFF0FC0
:104CD40000B53DE00388A3F1610C1FFA8CFCBCF124
:104CE400190F01D8203B9BB29AB9002B4DD03F2B12
:104CF40044D02A2B4BD1B0F802E0AEF161039BB251
:104D0400192B10D8AEF1200E1FFA8EFE04308C46FB
:104D140011E073BB2E2A01D000203DE0023117E0E0
:104D24000231023014E0BEF1000F32D00430EEE75D
:104D340073450CD023B361463CF8023BA3F16102F6
:104D440092B2192AF4D8203B9BB27345F3D10231B5
:104D54000A88A2F161039BB2192BBBD8203A92B204
:104D64000388A3F1610C1FFA8CFCBCF1190FB9D9AB
:104D74008BB19A42D4D03F2BBBD102310230E7E74A
:104D8400BEF12E0FE4D0184606E0012004E0002016
:104D940002E0012000E0184600BD038853B1023050
:104DA40002E030F8023B3BB1202BFAD02E2BF8D096
:104DB40000207047012070470120704703882E2B84
:104DC40008D1438843B12E2B08D18088B0FA80F0F3
:104DD4004009704700207047012070470020704749
:104DE4002DE9F04FADF54D7D07460C4616460B1DDB
:104DF40003930021ADF83012FDF7F8FAA3881D469D
:104E0400002B7DD0039C0025AA460DF114090DF555
:104E14002C7B2EE0ACA9A1F800A033681BB9BDF827
:104E2400B0322E2B36D006AB00934B463246594651
:104E34003846FFF769FE804600286BD0D9F8001089
:104E4400CB7A13F0100F6AD03846FDF7F1FA014619
:104E540032463846FDF7CAFA06A8FFF7AFFF804688
:104E6400002832D0BDF81A302E2B1DD02388002BF9
:104E740046D02388002BCDD0A21CACA914462F2BDE
:104E8400C9D05C2BC7D021F8023B32F8023B002B7F
:104E9400F4D1C0E7BDF8B232002BC4D13246194672
:104EA4003846FDF7A3FAE1E7BDF81C30002B39D1F1
:104EB400002D3AD08CAB03EB4503013D33F8022DB2
:104EC4002F2AD3D0002DF8D1D0E706A8FFF765FF2D
:104ED40000BB25B18CAB2F2223F815200135BDF87A
:104EE4001830002BC2D00DF22E2202EB450206A987
:104EF400013522F8023F31F8023F002BF8D1B5E723
:104F04008CA9002321F815308022039804F09AFC20
:104F14004FF0010840460DF54D7DBDE8F08F4FF090
:104F24000008F7E74FF00008F4E7A846F2E70000AE
:104F34002DE9F843012937D806460C4690461F460A
:104F44004FF48A52244B02FB013399461946FDF76C
:104F5400EBFF054668BB01464846FCF745FE50B1E9
:104F640006EBC41300221A814FF48A5304FB03F3A3
:104F7400194A0121D1500FB3012F24D006EBC411DB
:104F8400083140462F2320F8023B022F1CDD023952
:104F94004246BB1E31F8024F22F8024FA4B101353C
:104FA4009D42F7D11D460FE00121FFF7BCF8BDE893
:104FB400F88301463046FFF7B6F8F8E7394630463D
:104FC400FFF7B1F8F3E74046002120F8151030460A
:104FD400FFF7A9F8EBE700BFE8020020F8B50B885B
:104FE400002B00F0A78006460D4614464A883A2A4C
:104FF4000FD1A3F1610292B2192A04D8203B413B9C
:10500400236004350CE0A3F14102192AF7D90120E9
:1050140091E0FDF731FA2060B0F1FF3F00F08C80A1
:105024002B882F2B01D05C2B08D128880022023535
:10503400002304F18406A11C0F4651E0224652F8D5
:10504400041B40233046FFF773FF0346002875D145
:10505400A2888AB1211D02460132488808800231A3
:105064000028F9D1013A28880028E0D1A4F8840066
:1050740004EB4202908058E00246F3E76AB104EB85
:10508400420041882F295DD05C295DD03D2A5DDC3A
:10509400511C4FF02F02828000E0114606EB4300C2
:1050A40043B103F1FF3E30F802CDBCF1200F03D130
:1050B4007346F5E70A4610E0002B1FDD04F1820C6D
:1050C40007EB41005A183E2942D001313CF8023F17
:1050D40020F8023F9142F6D1002335F8020B80B14B
:1050E4003A282DD02F28C9D05C28C7D0FD2B31DC1D
:1050F40004EB4301A1F884000133EEE70A460023E0
:10510400EBE703F1400104EB4101888004EB420228
:10511400908053B104F1840202EB430232F8021D81
:10512400202902D11080013BF8D1B3FA83F35B0943
:10513400580000E00120F8BD0120FCE70120FAE757
:105144000120F8E70120F6E70120F4E70120F2E767
:105154000120F0E70120EEE72DE9F04FADF5157DD4
:1051640080460D460DAAD1F89810FDF7F5FE90BBC8
:10517400DDF8349003238DF84432D5F81C23814B99
:105184009A4200F2A48005F58E7B05F547730393DC
:1051940000260DF1140ACDF80880D5F82813D5F8A7
:1051A4002C338B426AD909F54C630193D5F830430B
:1051B4004846FFF742FB002840F08480B9F81020ED
:1051C400D5F83033B3EB521F4CD2019B03EB44149C
:1051D4000DF138081DE001464046FEF7A4FFCCE07F
:1051E4002E232AF81730013700232AF817305146A6
:1051F4005846FFF76DFD002877D101362034D5F8E5
:1052040030330133C5F83033B9F81020B3EB521FF3
:1052140028D2324641462046FFF74AFB2378002B2A
:1052240053D0E52BE9D0E37A13F0080FE5D14146DA
:105234005846FFF74DFD0746002856D104F10802F1
:1052440021465046FEF7AEFF237A202BCFD1BAF881
:105254000030002BC4D005AB013733F8022F002AED
:10526400FAD1BDE70023C5F83033D5F8281301314E
:10527400C5F82813D5F82C33994297D3D5F81C33A5
:105284003BB9D9F8CC3E032B26D1D9F83430C5F834
:105294001C3304AAD5F81C134846FCF7F3FFF0B9F5
:1052A40004998A1E384B9A421CD8039A4846FDF743
:1052B4009DF8D5F81C23334B9A427FF66EAFDDF888
:1052C400088004E0DDF8088001E0DDF808800521AD
:1052D4004046FEF728FF50E0DDF80880F7E7DDF8E8
:1052E4000880F4E7DDF80880F1E7DDF80880631E44
:1052F40005F17F02E01D13F8011F02F8011F83422C
:10530400F9D1237A85F88830637A85F88930A37ACD
:1053140085F88A3080220EA9284604F093FAE37AAD
:1053240085F88B3004F11800FCF742FCA5F88E00D8
:1053340004F11600FCF73CFCA5F88C0004F11C00F9
:10534400FCF73FFCC5F8900021460D98FDF770F876
:10535400C5F89400039AD5F898100CA8FEF7E1FE5E
:1053640010B10C9BC5F89030D5F830330133C5F833
:10537400303300214046FEF7D6FE0DF5157DBDE81D
:10538400F08F00BFEFFFFF0FEDFFFF0F70B582B08E
:105394000646144602F198052A46FFF71FFEE8B9AF
:1053A400014604F58E70FEF7C5FEE8B901AAD4F8EB
:1053B40098103046FDF7D0FD0146D0B904F5477288
:1053C40029460198FFF70CFDB8B121463046FFF796
:1053D400C3FE01463046FEF7A6FE03E00421304634
:1053E400FEF7A1FE02B070BD04213046FEF79BFE1D
:1053F400F8E73046FEF797FEF4E703213046FEF760
:1054040092FEEFE770B5ADF56E7D0546064614468F
:10541400CEA8FFF7F4F9014601AA2846FFF7B6FF24
:10542400054630B129463046FEF77DFE0DF56E7D0A
:1054340070BD01A92046FFF7F2F90DF1830204F1D2
:105444003F0304F1470012F8011F03F8011F8342D0
:10545400F9D19DF88C2084F848209DF88D2084F89B
:1054640049209DF88E2084F84A209DF88F2084F8E6
:105474004B20BDF89020A4F84C20BDF89220A4F84D
:105484004E20269A6265259B23654FF4217227A935
:1054940004F1580004F0D6F904F537740DF5487C8E
:1054A400BCE80F000FC49CE8030084E80300B9E7DC
:1054B40070B5ADF54E7D054606460C464FF4217297
:1054C400583127A804F0BEF90DF5487C04F5377E61
:1054D400BEE80F00ACE80F009EE803008CE8030070
:1054E40001A92846FFF738FE054630B12946304663
:1054F400FEF719FE0DF54E7D70BD01A92046FFF79C
:105504008EF90DF1830204F13F0304F1470012F810
:10551400011F03F8011F8342F9D19DF88C2084F800
:1055240048209DF88D2084F849209DF88E2084F829
:105534004A209DF88F2084F84B20BDF89020A4F8D1
:105544004C20BDF89220A4F84E20269A6265259B33
:1055540023654FF4217227A904F1580004F072F96D
:1055640004F537740DF5487CBCE80F000FC49CE8C3
:10557400030084E80300B9E72DE9F04FADF51B7D86
:10558400019102920393B1F88430002B00F09D84C2
:1055940005460F4601F184042046FFF70FFC00285E
:1055A40040F095842046FFF7F8FB0646002840F0BB
:1055B400938403238DF85032B7F88430002B00F025
:1055C400C18423460446013433F8022F002AFAD159
:1055D40096944FF020339893999303F16043ADF878
:1055E4005C328DF85E32019BB3F884302E2B00F0D0
:1055F400BB84002C41DD3046019B03F1840202EBA5
:105604004402234632F8021D2E2909D0013BF9D168
:105614004FF0FF31019B03F182003746B4463AE074
:1056240098422DD0591E019A02F1820707EB4307D5
:1056340030460FE0002BEDD0202B19D05D2B13D179
:105644005F23421C00F51A7CEC440CF80C3C022845
:10565400E0D0104637F8023FA3F1610292B2192A52
:10566400E8D8203B9BB2ECE75B2B08BF5F23E8E75D
:105674000246EEE74FF0FF31CCE74FF0FF31C9E7C8
:105684004FF0FF31C6E72E2B1FD018D8FBB1202BCB
:105694000AD10CF1010C30F8023FA3F1610292B27D
:1056A400192AF0D8203B9BB207F1010E07F51A72B4
:1056B4006A4402F8083C072F09D07746E9E75B2BD8
:1056C40032D05D2B08BF5F23EEE78C45E1D111AFEB
:1056D40097AA98A93846FEF765FDBDF84430019AAB
:1056E400B2F884209A420CD1019A02F1840111AAE1
:1056F400002B00F0F58332F8023F31F8020F984294
:10570400F6D09AAA072312F8011D202940F00A8432
:10571400013BB3F1FF3FF6D19DF850320493032BC4
:1057240040F0E6830420D3E35F23BDE70596EBE373
:105734004846FDF79FFB0446002844D0D0F8EC32DD
:10574400013BB84A934244D808A92846FCF7D2FE44
:105754000246002843D10899B34B994259D8059B76
:10576400002B41D06FF070422846FCF7D1FC002892
:105774003FD1089AD4F8EC122846FCF7C9FC02463B
:1057840000283CD12846FCF7E8FB024600283BD120
:105794002022014609A803F061FD2C8A6409AB7C30
:1057A40003FB04F40DF1240BCCB3013C4A465946E7
:1057B4002846FEF7C3FE02460028F5D0494628468F
:1057C400FEF70DFF84E3072249462846FEF707FF4C
:1057D4007EE3072249462846FEF701FF78E349465F
:1057E4002846FEF7FCFE73E3904A2846FCF790FC3B
:1057F400BDE7024649462846FEF7F1FE68E34946FE
:105804002846FEF7ECFE63E349462846FEF7E7FE2A
:105814005EE3072249462846FEF7E1FE58E32346A5
:10582400324649462846FEF7BDFD024628B94A4697
:1058340009A92846FEF782FD20E049462846FEF7DE
:10584400CEFE45E3024649462846FEF7C8FE3FE33E
:10585400B8F1FF3F08BF0746B8F1FF3F08BFB046A5
:105864009DF84EB2BB4514D0013701364A46514625
:105874002846FEF763FD09283FF45AAF0028E1D11A
:105884009AF80030002BE3D0E52BE1D04FF0FF383D
:10589400EBE70446049B012B49D005F5885A4022C6
:1058A4000021504603F0DAFC05F58053012283F809
:1058B400002100231A4649462846FEF773FD074691
:1058C400002840F0A88009AE4A4631462846FEF733
:1058D40035FD092800F0DE80002840F0A9803378E7
:1058E400002B00F0D680E52BEED0F37A0F2BEBD013
:1058F400327A9DF85C329A42E6D1727A9DF85D3232
:105904009A42E1D1B27A9DF85E329A42DCD10DF12D
:1059140023010DF25F22034611F801CF12F801EFC3
:10592400E64540F08B800133082BF5D1CCE700230A
:10593400424649462846FEF735FD0246002847D12F
:1059440097AA98A909A8FCF7B3FDD5F8CC3E032B78
:1059540043D04A4609A92846FEF7F0FD024600282E
:1059640054D1039B73B34846FDF784FA04460028D8
:1059740000F09F8203691F2B40F2A182D0F8F83215
:10598400C5F8C03E05F54C662A8A05F6B801D5F877
:10599400B80C1B1A02FB0311304603F053FF2369B2
:1059A400203B1E44039B1E60D4F8EC32029A136021
:1059B40023695B09013B5361D4F8F832D360D4F80E
:1059C400FC321361002249462846FEF708FE7FE2B6
:1059D40049462846FEF703FE7AE208AC0DF11E069E
:1059E4002146304601F038F8BDF820100DA8FCF728
:1059F400E4F8BDF81E100DF13200FCF7DEF8BDF836
:105A040020100DF13600FCF7D8F8A2E749462846E5
:105A1400FEF7E5FD5CE2024649462846FEF7DFFD57
:105A240056E200BFEEFFFF0FEFFFFF0FF8FFFF0F7F
:105A3400024649462846FEF7D2FD49E2BCF17E0FF4
:105A44007FF442AF062B10DC334406F1070C13F845
:105A5400012FA2F13001C9B2092916D800EB800048
:105A6400303A02EB40006345F1D1001BB0F5007FF2
:105A7400BFF42AAFC21000F00700012383401AF8D4
:105A840002100B430AF802301EE7202A7FF41CAFF1
:105A9400EBE70746FB101AF8033007F0070213413F
:105AA40013F0010F48D13C44092C51DD632C40F321
:105AB400AB80B4F57A7FC0F2C68042F20F739C4289
:105AC40000F3ED80959B032B84BF03239593959A54
:105AD40002F51A730DEB03027E2302F8083C8D498C
:105AE40081FB0431E317C3EBA11303F1300102F886
:105AF400071C4FF47A7101FB1343874880FB0310A2
:105B0400D917C1EB601101F1300002F8060C6420D2
:105B140000FB1133814880FB0310D917C1EBA001AE
:105B240001F1300002F8050C01EB8101A3EB410304
:105B3400303302F8043C25E00137B7F5007FA9D1E2
:105B440004F5007440220021504603F087FBB0E6C0
:105B5400959B062B84BF06239593959A02F51A7399
:105B64000DEB03027E2302F8083C6C4981FB0431EF
:105B7400E317C3EBA10303EB8303A4EB4303303329
:105B840002F8073C0023424649462846FEF70AFC31
:105B94000246002840F089800DF25F210DF2672053
:105BA40000231A46D30103EB520311F8012F1344C7
:105BB40003F0FF028142F5D11346D20102EB5302F6
:105BC400D2B29DF85C321A44C2F3460303EBC2130B
:105BD400DBB29DF85D221344C3F3460808EBC318F7
:105BE4009DF85E32984408F0FF085F464FF01A0AA9
:105BF400019B0AFB0B3A0BEB4B030BEB8304013CBD
:105C04004FF0010B09AE9DE0959B052B84BF052346
:105C14009593959A02F51A730DEB03027E2302F80D
:105C2400083C3E4981FB0431E317C3EBA10303F1B4
:105C3400300102F8071C03EB8303A4EB4303303366
:105C440002F8063C9EE7959B042B84BF042395939E
:105C5400959901F51A730DEB03017E2301F8083CB5
:105C64002D4A82FB0432E317C3EB621303F13002C3
:105C740001F8072C642202FB1343284880FB03200D
:105C8400DA17C2EBA00202F1300001F8060C02EBB5
:105C94008202A3EB4203303301F8053C72E707228A
:105CA40049462846FEF79BFC12E149462846FEF782
:105CB40096FC0DE1FF22B27072705FE0FF22327138
:105CC400F27064E0FF22B271727169E0FF223272F5
:105CD400F2716EE0FF22B272727273E0FF22F2730D
:105CE400B27377E0FF22727432747BE0FF22F274A5
:105CF400B2747FE0FF227275327584E0FF22F27580
:105D0400B27589E0FF22727632768EE0FF227277D6
:105D1400327793E0D34D62101F85EB516766666658
:105D2400FF23F377B3770F23F3724A4631462846AD
:105D3400FEF704FC013FAAF11A0A0D3C8346002831
:105D440040F08580002F00F088802022002130461A
:105D540003F084FABBF1010F06BF07F14003DBB285
:105D6400FBB2337086F80D80969BA4F10C0293422B
:105D7400A0D3BAF86A207270120AB270A4F10B02AE
:105D840093429BD3BAF86C20F270120A3271A4F1D8
:105D94000A02934296D3BAF86E207271120AB27153
:105DA400A4F10902934291D3BAF87020F271120A55
:105DB4003272A4F1080293428CD3BAF87220727240
:105DC400120AB272E21F934288D3BAF87420B273F3
:105DD400120AF273A21F934284D3BAF87620327463
:105DE400120A7274621F934280D3BAF87820B27494
:105DF400120AF274221F9342FFF47CAFBAF87A209D
:105E04003275120A7275E21E9342FFF477AFBAF844
:105E14007C20B275120AF275A21E9342FFF472AF8F
:105E2400BAF87E203276120A7276621E9342FFF42A
:105E34006DAFBAF880203277120A7277A342FFF46A
:105E44006FAFBAF88230B3771B0AF3776BE7024679
:105E540049462846FEF7C3FB3AE009AE97AA98A93B
:105E64003046FCF725FB08AC0DF11E0721463846E9
:105E740000F0F2FDBDF820100DA8FBF79EFEBDF862
:105E84001E100DF13200FBF798FEBDF820100DF145
:105E94003600FBF792FE4A4631462846FEF74EFB93
:105EA400024600283FF45DAD49462846FEF797FBBD
:105EB4000EE0082249462846FEF791FB08E0082236
:105EC40049462846FEF78BFB02E0042000E004204C
:105ED4000DF51B7DBDE8F08F0420F9E70720F7E7F7
:105EE40001230493002304998DF850128DF84E3247
:105EF400029B1A68002A7FF419ACD5F8CC3E032B18
:105F040014BF002301230593019B19682846FEF75B
:105F1400D5FB81460028E1D037464FF0FF380DF11C
:105F2400240AA3E40133062BA8BF062395930C345B
:105F3400184B83FB0423E417C4EBA303DBB2002256
:105F44000492D0E7002296924FF0203398939993CD
:105F540003F16043ADF85C328DF85E32019BB3F817
:105F640084302E2B11D13446002C7FF783AB019B58
:105F74008233304633F8022F2E2A7FF43DAB0130B2
:105F8400A042F7D12046FFF737BB04464FF0FF315C
:105F9400FFF740BB4FECC44E2DE9F047ADF5976DCC
:105FA40005460023CDF8B4341388722B00F08580A5
:105FB400772B00F09080612B00F09B8000231F461C
:105FC4008CAA002313602846FFF708F8002840F045
:105FD400A7800121ADA8FEF7ADF8002840F0AA8003
:105FE4008C9B1E468BAA19462846FCF7B5FF002851
:105FF40040F0A680FEF71CFB0446002800F0A680B3
:10600400A6600023C0F81C33C0F86433ADA8FEF7C3
:10601400D5FE002840F09F80ADA8FEF7BEFE002804
:1060240040F0A2800123BB4013F0240F40F03C82D7
:1060340013F0480F40F04C8113F0120F00F0268348
:10604400042F04D18B9B1B68032B00F0968004F56E
:1060540041731E461A468CA98B98FEF7C1FE002890
:1060640000F094808C9B984604AB00938AAB324634
:10607400ADA98B98FEF748FD002800F090808A9B1C
:106084009946DB7A13F0100F40F09280042F40F011
:10609400A18013F0010F40F0948031464046FCF794
:1060A4006BFB002800F09F800C212846FEF73FF888
:1060B400002384F868331C4637E053883BB32B2B0A
:1060C40002D000231F467BE79388B3FA83F35B096E
:1060D4009B001F4674E75388E3B12B2B02D00023A7
:1060E4001F466DE79388002B0CBF052300231F4632
:1060F40066E753888BB12B2B02D000231F465FE742
:106104009388002B0CBF062300231F4658E7012366
:106114001F4655E702231F4652E703231F464FE756
:1061240004212846FEF703F8002420460DF5976D58
:10613400BDE8F08704212846FDF7F9FF0024F4E7C1
:1061440001212846FDF7F3FF0024EEE70721284646
:10615400FDF7EDFFE9E704212846FDF7E8FF0023FA
:1061640084F868331C46E0E704212846FDF7DFFF86
:10617400002384F868331C46D7E717212846FDF727
:10618400D6FF002384F868331C46CEE70321284653
:10619400FDF7CDFF002384F868331C46C5E70521CD
:1061A4002846FDF7C4FF002384F868331C46BCE787
:1061B40003212846FDF7BBFF002384F868331C46FF
:1061C400B3E70D212846FDF7B2FF002384F86833B6
:1061D4001C46AAE70DF2B443324641468B98FCF7BD
:1061E400EBFD002837D1DDF8B4349846002B3BD0C2
:1061F4000023C4F8F832C4F8FC32D8F814206261E1
:10620400C4F8E832C4F864838B992046FDF76FF92B
:10621400DDF8B434D3F8E812002900F01B82C4F886
:10622400E81204F53B728B98FCF7E0F80023E36076
:1062340001220092224629468B98FDF7A3FB0146D2
:10624400002800F007822846FDF771FF002384F838
:1062540068331C4669E70C212846FDF768FF0023D4
:1062640084F868331C4660E749468B98FCF7E0F8ED
:106274000146C4F8E80210B304F53B728B98FCF7AE
:10628400B5F848461C30FBF79CFC60618B992046AE
:10629400FDF72DF90023E3600122009222462946EE
:1062A4008B98FDF76FFB0146002800F0D381284648
:1062B400FDF73DFF002384F86833444635E7C4F80E
:1062C400F802C4F8FC028B992046FDF710F9C1E1ED
:1062D4008B980368032B51D004F541731E461A466C
:1062E4008CA9FEF77DFD002851D08C9B9846D4F8EC
:1062F4000433C4F8EC32D4F81833C4F80033D4F8B7
:106304001033C4F8F832D4F81433C4F8FC3204ABB4
:1063140000938AAB3246ADA98B98FEF7F5FB0028B3
:1063240078D08A9B9946DB7A13F0100F38D113F09A
:10633400010F3ED1224631464046FCF755FA00286B
:1063440040D149468B98FCF773F8C4F8E8024846F4
:106354001C30FBF736FC60618B992046FDF7C7F8CB
:10636400D4F8E812B9BBC4F8F812C4F8FC122161DD
:10637400E1606161C4F8F01261606BE117212846A5
:10638400FDF7D5FE002384F868331C46CDE60321CF
:106394002846FDF7CCFE002384F868331C46C4E687
:1063A40003212846FDF7C3FE002384F868331C4606
:1063B400BBE60D212846FDF7BAFE002384F86833B6
:1063C4001C46B2E60C212846FDF7B1FE002384F8F2
:1063D40068331C46A9E604F53B728B98FCF706F873
:1063E4000023E360636901220092224629468B98C8
:1063F400FDF7C8FA0146002800F02C814FF0000395
:106404001E4684F868332846FDF791FE84F86863D5
:1064140000248AE6D4F8EC12C4F80413D4F8003348
:10642400C4F81833D4F8F832C4F81033D4F8FC3272
:10643400C4F8143304F53B728B98FBF7D7FF8AAB8F
:1064440032468CA98B98FFF797F80146E0B9206192
:10645400E0606061C4F8E802C4F8F00260608A9AFF
:10646400D37A43F02003D3728B98FEF7FEF90146EA
:1064740090B9C4F8E802C4F8F802C4F8FC028B9995
:106484002046FDF734F8E5E02846FDF750FE0023EA
:1064940084F868331C4648E62846FDF748FE002386
:1064A40084F868331C4640E68B980368032B78D045
:1064B40004F5417398461A468CA9FEF791FC00280E
:1064C40078D08C9B994604F53B731E461A46D4F843
:1064D40004138B98FBF78AFF04AB00938AAB324614
:1064E400ADA98B98FEF710FB002800F08F808A9EE0
:1064F40031468B98FBF79CFF8246F37A13F0100F1A
:1065040061D113F0010F67D1D4F8EC32C4F804332D
:10651400D4F80033C4F81833D4F8F832C4F810337C
:10652400D4F8FC32C4F8143341464846FCF724F945
:1065340000285AD130777077B077F077F27A42F04A
:106544002002F272B076F076307570750DF10E019E
:1065540003A800F081FABDF80E1006F11000FBF755
:106564002CFBBDF80C1006F10E00FBF726FBBDF862
:106574000E1006F11200FBF720FB8B98FEF775F95D
:106584000146D8BB51468B98FCF780FB0146002896
:1065940056D02846FDF7CBFD002384F868331C460B
:1065A400C3E517212846FDF7C2FD002384F86833AC
:1065B4001C46BAE503212846FDF7B9FD002384F8FB
:1065C40068331C46B1E503212846FDF7B0FD0023DE
:1065D40084F868331C46A8E50D212846FDF7A7FD7D
:1065E400002384F868331C469FE50C212846FDF7F8
:1065F4009EFD002384F868331C4696E52846FDF783
:1066040096FD002384F868331C468EE58AAB424627
:106614008CA98B98FEF7B0FF014638BB2061E0607F
:106624006061C4F8E802C4F8F00260608A9AD37A20
:1066340043F02003D3728B98FEF717F90146E8B9AB
:10664400C4F8E802C4F8F802C4F8FC028B992046A6
:10665400FCF74DFF04F50A73C4F8243284F8687318
:1066640000212846FDF763FD24685EE52846FDF712
:106674005EFD002384F868331C4656E52846FDF782
:1066840056FD002384F868331C464EE50B2128464A
:10669400FDF74DFD002384F868331C4645E570B5CD
:1066A400C0B00646154620A8FEF7A9F804462946B8
:1066B4006846FEF7A4F8024621463046FFF76CFC14
:1066C40040B070BDF0B5ADF2E44D0546144604AAE1
:1066D40000231360FEF782FC00286AD1012125A85B
:1066E400FDF728FD00286BD103AA04992846FCF77E
:1066F40033FC0146002868D103980368032B68D053
:10670400ACAA04A9FEF76CFB002867D0049B1E46C4
:106714000DF5267C0DF52C7EBEE80F00ACE80F00CD
:106724009EE803008CE8030025A8FEF747FB002839
:1067340059D125A8FEF731FB002859D1B2AB0093FB
:10674400A5ABA6AA25A90398FEF7DEF9002854D024
:10675400A59B1F46DB7A13F0100F53D113F0010FE2
:1067640055D1A6A93046FCF707F8002854D1B2AB9E
:10677400AC9A31460398FDF7E2FF0146002850D158
:10678400002C56D1039B1C4639461846FBF750FE95
:1067940001462046FCF77AFA0146002845D10398C1
:1067A400FBF77AFB0146002848D12846FDF7BBFCDD
:1067B40003E004212846FDF7B6FC0DF2E44DF0BDDC
:1067C40004212846FDF7AFFCF7E72846FDF7ABFCAC
:1067D400F3E717212846FDF7A6FCEEE70321284638
:1067E400FDF7A1FCE9E704212846FDF79CFCE4E75A
:1067F40004212846FDF797FCDFE705212846FDF72D
:1068040092FCDAE703212846FDF78DFCD5E70D213C
:106814002846FDF788FCD0E70C212846FDF783FCC9
:10682400CBE72846FDF77FFCC7E72846FDF77BFC4E
:10683400C3E724212846FDF776FCBEE72846FDF78A
:1068440072FCBAE730B5A1B0054614466846FDF7B8
:10685400D6FF014622462846FFF734FF21B030BD5B
:1068640070B582B006460D46144601A8FCF71CFB21
:1068740060B923462A4631460198FCF7FBFD0446DD
:106884000198FCF727FE204602B070BD25231C4664
:10689400F9E710B582B0044601A8FCF705FB50B92E
:1068A40021460198FCF70EFE04460198FCF712FEFF
:1068B400204602B010BD25231C46F9E710B582B06E
:1068C400044601A8FCF7F0FA50B921460198FBF7F9
:1068D400D9FD04460198FCF7FDFD204602B010BD29
:1068E40025231C46F9E710B582B001A8FCF7DCFAB1
:1068F40068B901984468B4F1FF3F05D0FBF7BCFDCB
:1069040004460198FCF7E6FD204602B010BD4FF0A6
:10691400FF34F9E730B583B005460C4601A8FCF70F
:10692400C3FA58B9224629460198FEF76BFD04467E
:106934000198FCF7CFFD204603B030BD25231C464B
:10694400F9E710B582B0044601A8FCF7ADFA50B9D6
:1069540021460198FEF7ACFD04460198FCF7BAFD08
:10696400204602B010BD25231C46F9E710B582B0BD
:10697400044601A8FCF798FA50B921460198FDF79E
:10698400F1FA04460198FCF7A5FD204602B010BDBB
:1069940025231C46F9E730B583B005460C4601A80B
:1069A400FCF782FA58B9224629460198FFF777FE88
:1069B40004460198FCF78EFD204603B030BD002349
:1069C4001C46F9E7F0B585B007460E4615461C4649
:1069D40003A8FCF769FA20B100231C46204605B041
:1069E400F0BD00942B46324639460398FCF7B0FEBE
:1069F40004460398FCF76EFDF0E770B582B00646D6
:106A04000D46144601A8FCF74FFA60B923462A46FE
:106A140031460198FDF71EFB04460198FCF75AFD28
:106A2400204602B070BD25231C46F9E710B582B09C
:106A3400044601A8FCF738FA58B9024621460198E1
:106A4400FFF700FF04460198FCF744FD204602B01E
:106A540010BD25231C46F9E710B14FF4C042028053
:106A640009B121230B80704703460020186070474A
:106A740003681BB90123036000207047012070479D
:106A84000346002018607047012070472DE9F04F3D
:106A94008BB08B464D4C04EBC014D4F804904F01DA
:106AA400FFB200264FF0FF3835460396C1EBC10A0A
:106AB4004FEACA0A47E004EB0A019DF817009DF863
:106AC4001820120402EB00629DF81A0002449DF89B
:106AD400190002EB00224A6461E004EB0A0200217F
:106AE40011612DE0032122E00136B6F5FA7F03DAC5
:106AF40001350323039326E00323039303980BB088
:106B0400BDE8F08F5A4604EB0A01096909B1032173
:106B14000FE0CBEBCB0104EBC10149690029E1D1C2
:106B2400032106E004EB0A004069002848D041F044
:106B34000201C2EBC20204EBC2021161002BDDD0E0
:106B440001359846002603238DF814308DF815700E
:106B540000238DF817308DF8163012218DF8181097
:106B64008DF8193005AAA06801920091012306212D
:106B7400C84701380128B7D99DF816209DF8203060
:106B84001B0243EA02439DF8212013434345B5D039
:106B94000BB9002DB2D19DF91420002A8BDB0C4ACD
:106BA40093429AD0B3F5C52FACD00A498B420CBF9F
:106BB400052101215A4604EB0A0000690028B1D0DE
:106BC40004EB0A0608433061B8E700BFB82F002081
:106BD400003A0200002707002DE9F04F85B08046F7
:106BE4000F461C4E06EBC016D6F804B000238DF8F1
:106BF40008304A018DF809208DF80C308DF80B30DF
:106C04008DF80A308DF80D300B240DF1080A1D465D
:106C14004FF00209B068019500954B465246062193
:106C2400D847034688B101280AD139464046FFF7C0
:106C34002DFF38B9013C07D00A2001F0C7FDE9E770
:106C4400032302E0032300E00323184605B0BDE854
:106C5400F08F00BFB82F002008B54FF480720021D8
:106C6400044802F0FBFA044B4FF0FF321A605A60FA
:106C7400002008BDB82F0020B02F00202DE9F04FD0
:106C84008FB0044603908946C0013D4901EBC41707
:106C94000B507A60189BBB6087F80C907C69302598
:106CA4002A46002107F1180002F0D8FA7C6100247A
:106CB4003C61FE6C2A46214607F1500002F0CEFAF0
:106CC400FE64BC64012001F081FDB9F1000F1BD00A
:106CD40007F1190625460222DFF8A8A0A04604E021
:106CE4001046013538364D4511D0032CF8D80AEB3F
:106CF40044034FF6FF70198881420BD002330134EC
:106D0400E4B2042CF7D1EBE7484600E003200FB0CF
:106D1400BDE8F08F039B45EA03232AF81430D7F823
:106D240004B012238DF814306B018DF815308DF8F2
:106D340016808DF8178024238DF818308DF819806B
:106D440005AAB8680192009301230621D8470138A7
:106D54000128DBD99DF8143003F01F0306F8013C29
:106D640007AB03CB306071609C46BCE80F00B06099
:106D7400F160326173610D9BB36142464046B0E7F6
:106D8400B82F0020B02F002030B50E4A02F10801C0
:106D9400DFF834E0C4014FF6FF7C01E08A420FD0F3
:106DA40032F8023BB0EB132FF8D1DBB2C3EBC303D1
:106DB40004EBC303734400251D6122F802CCEDE704
:106DC400002030BDB02F0020B82F00202DE9F04F57
:106DD40089B09846454B33F810304FF6FF70834224
:106DE4007BD01D0A424800EBC51EDEF80460002E6D
:106DF40076D0DCB2C4EBC4000EEBC000006900F036
:106E04000300012805D04FF0010C604609B0BDE82D
:106E1400F08FE8B28346234660018DF815008DF8A3
:106E24001910080A8DF81800080C8DF81700090EBF
:106E34008DF81610B2F5803F41D3A8218DF81410B7
:106E44008DF81D20110A8DF81C10110C8DF81B10E3
:106E5400110E8DF81A1000218DF81E108DF81F10D8
:106E6400B2F5803F2CBF0C210A2189460B25013441
:106E7400C4EBC4040EEBC404039392462746344681
:106E84007646B068CDF804807B68524602FB03F373
:106E94000093012305AA4946A04784460028B4D09C
:106EA400012820D103995846FFF7F0FD84460028B5
:106EB400ABD1013DA9D00A2001F088FCE1E72821EB
:106EC4008DF8141000218DF81A108DF81C20100A6A
:106ED4008DF81B008DF81D10C2E74FF0010C94E7EC
:106EE4004FF0030C91E74FF0030C8EE7B02F002016
:106EF400B82F00202DE9F04F89B09846454B33F860
:106F040010304FF6FF7083427BD01D0A424800EBDD
:106F1400C51EDEF80460002E76D0DCB2C4EBC400DB
:106F24000EEBC000006900F00700012805D04FF007
:106F3400010C604609B0BDE8F08FE8B283462346F1
:106F440060018DF815008DF81910080A8DF81800E5
:106F5400080C8DF81700090E8DF81610B2F5803F55
:106F640041D3AA218DF814108DF81D20110A8DF833
:106F74001C10110C8DF81B10110E8DF81A10002125
:106F84008DF81E108DF81F10B2F5803F2CBF0C2118
:106F94000A2189460B250134C4EBC4040EEBC40456
:106FA40003939246274634467646B068CDF804806B
:106FB4007B68524602FB03F30093002305AA49466B
:106FC400A04784460028B4D0012820D1039958460C
:106FD400FFF75CFD84460028ABD1013DA9D00A200F
:106FE40001F0F4FBE1E72A218DF8141000218DF85B
:106FF4001A108DF81C20100A8DF81B008DF81D1036
:10700400C2E74FF0010C94E74FF0030C91E74FF007
:10701400030C8EE7B02F0020B82F00202DE9F04F8D
:107024008DB05E4B33F810404FF6FF739C4200F076
:10703400AF80260AF2015A4B03EBC6159B58002B6E
:1070440000F0AA80A868984710F0020F00F09C8016
:107054002B69002B40F08D802B7B002B00F0898066
:10706400F3B298462F460026E1B2CB009946A346D8
:107074008A4636E0039F049E9DF826209DF827301B
:107084001B0403EB02639DF8292013449DF8282078
:1070940003EB022305998B639DF82A209DF82B307E
:1070A4001B0403EB02639DF82D2013449DF82C2050
:1070B40003EB0223CB630EE0039F049E04E0039FD3
:1070C400049E01E0039F049E4B4652469B1A05EB27
:1070D400C30300221A61013638372A7BF3B29A427D
:1070E40046D9F4B221464046FFF776FD0028EBD19D
:1070F40021464046FFF7CAFC0028E5D16968059798
:10710400B863F86325228DF81C2062018DF81D20D8
:107114008DF821008DF820008DF81F008DF81E00D9
:107124008DF823008DF822008DF824008DF82500B9
:107134000B23039704960E4627461C46A8680DF1B8
:107144002603019308230093012307AA0A21B047C9
:1071540000288FD00128AFD139464046FFF796FC6E
:107164000028ACD1013CADD00A2001F02FFBE5E7AB
:107174005C46E4B2C4EBC40305EBC303186920F016
:1071840002021A615A6104E000202861A86400E048
:1071940000200DB0BDE8F08F1846FAE7B02F0020AC
:1071A400B82F002038B50D4B33F810404FF6FF735D
:1071B4009C420ED0250AE1B22846FFF70DFD50B9D6
:1071C400E4B2C4EBC404E80100EBC400044B18446B
:1071D40038BD0020FCE70020FAE700BFB02F0020F4
:1071E400C82F00201A78082A1AD15A78053AD2B240
:1071F400012A17D89B78502B16D10C4B1B782BB136
:107204000A4B1B7E0BB10020704701235B4203F045
:107214001803064A9918016003F1080010447047E6
:10722400002070470020704700207047BC300020C9
:1072340010B500240470054BC01AC010044B03FBA6
:1072440000F0C0B2FFF7A0FD204610BDBC30002006
:10725400ABAAAAAA08B503780BB9012008BD4068F7
:1072640000F09AFCFAE710B50446C168806801F0A2
:1072740086FD00B910BD01206075FBE710B584B030
:1072840004464FF621730293002203924275009242
:10729400134602A9806801F0F5FC60B92046FFF7A7
:1072A400E2FF80B92169A06801F069FD034630B9A5
:1072B400580004B010BD012363750220F9E70120D2
:1072C40060750346F4E70220F3E700002DE9F04F70
:1072D40091B004460393DDF868A00DF12E000DF182
:1072E4003E060346002503F8015FB342FBD1432366
:1072F4008DF8233042238DF8223053238DF821302A
:1073040055238DF820307B4D2B6801332B608DF88D
:1073140024301D0A8DF825501D0C8DF826501B0EA7
:107324008DF827308DF828A04FEA1A238DF82930DC
:107334004FEA1A438DF82A304FEA1A638DF82B303E
:10734400039B003B18BF0123DB018DF82C305378DD
:107354005B098DF82D308DF82E1039B113460A448F
:1073640013F8011B00F8011F9342F9D103260DF114
:10737400200B4AE041F288330093002352461B99C4
:10738400206901F0D4FC002867D100250DF1100913
:1073940041F288382F46CDF800803B460D224946FD
:1073A400E06801F0ACFC002860D02046FFF75BFFEA
:1073B4000135032DEFD19DF810209DF811301B04E9
:1073C40003EB02639DF8132013449DF8122003EB92
:1073D4000223494A934211D19DF817209DF8163093
:1073E4001B0403EB02639DF8142013449DF815203D
:1073F40003EB02233F4A1268934241D02046FFF731
:107404003DFF022839D0013E72D041F28833009307
:1074140000231F225946206901F089FC20B120462F
:10742400FFF72CFF0228EED1BAF1000FADD0039B79
:10743400022BAAD0002B9DD0012BA6D141F2883378
:107444000093002352461B99E06801F058FC002881
:107454009BD02046FFF707FF97E72169A06801F05A
:107464008EFC002891D0012363758EE7022DA2D1F2
:107474002046FFF703FF0228C5D111B0BDE8F08F05
:107484009DF81C00012805D92046FFF7F7FE0228C5
:10749400B9D1F2E7BAF1000F0FD09DF81B209DF887
:1074A4001A301B0403EB02639DF8182013449DF863
:1074B400192003EB02235345E6D80028DDD19DF8BB
:1074C4001B209DF81A301B0403EB02639DF818205F
:1074D40013449DF8192013EB0223CED0534501D356
:1074E4000020CAE7AAEB030A1B9B53441B938CE7B7
:1074F4003046C2E7B83000205342535510B586B029
:10750400044600238DF817300D4A0DF10C0C92E857
:1075140003008CE803006375009301230DF1170247
:107524006146A06801F06EFB08B1072803D19DF8FD
:10753400170006B010BD012363754FF0FF30F8E764
:10754400289C0008836813B330B583B004460D4605
:10755400C368F3B10369F3B100234375FFF7CEFFAA
:107564000130C1B22175C9B10D48201AC0100D4BAC
:1075740003FB00F000940C4B0C4AC0B2FFF77EFBF7
:1075840008B10C2008E001232370656004E00C209E
:1075940070470C2000E00C2003B030BD0C20FBE74A
:1075A400BC300020ABAAAAAA59720008D172000804
:1075B40010B582B0074B00241C701C76FFF74CFBFF
:1075C400054B00932346054A0549064800F0FAFA9C
:1075D40002B010BDBC300020249C000835720008A5
:1075E40049750008E971000800B500F03F03DFF8B1
:1075F40040C04FF0580E0EFB03C30B60634513D31A
:107604000CF5DC7C634511D21033C0F3831C0CEB06
:107614004C0C03EB8C0313600B689B68B3EB902F4B
:1076240014BF0E20002000BD0E20FCE70E20FAE758
:1076340004310020F0B583B01C4603EB430301EB97
:1076440083039B69002B43D007460D461646089BCF
:107654001B784BB304EB44039B00AA68920204BF5B
:107664000122AA60AA689B101A4901FB03F303F0E4
:107674000F0343EA02131849691AC910174A02FB97
:1076840001F101F03F0104EB440005EB8000726856
:1076940041EA83118069904790B904EB440405EBF7
:1076A4008404666103B0F0BD684601F0E3FC9DF814
:1076B4000110384601F044FC0123089A1370C9E70D
:1076C40004EB440405EB84050023AB610C20E9E7DB
:1076D4000C20E7E7ABAAAAAA04310020A38B2EBA98
:1076E4002DE9F04F99B00023169315937E4B18683B
:1076F40001F058FD68B97D4B1C6854B158690028E5
:1077040000F02E8215AA16A9FFF76EFF002800F0DC
:10771400258219B0BDE8F08F8D4208BF1D460132A5
:107724005833052A1ED019680029F5D0B942F6D17C
:107734001C791AF8021C8C42F1D1582303FB02F283
:107744006B4BD51810F8013C13F0020F40F0FF8189
:1077540013F0050F0FD02C4605F1480801260495B7
:107764000592D2E11AF8013C13F0020F0FD113F085
:10777400050F40F0E0810BF1010B0AF1020A039BB3
:107784009B45C6D05A4B00252A465046CBE7AB68EA
:107794000133AB602F601AF8023C2B71554A002369
:1077A400116839B104320133052BF9D1514A42F839
:1077B400235014E05A1C6A73F8E70023B3610C34B5
:1077C400A04509D026466369002BF8D09B68002B9E
:1077D400F3D0A0699847F0E7687B00F073FE2B466E
:1077E40005F14801002283F810905A610C33994244
:1077F400F9D17B68786908B1159A906856461AF8E9
:10780400021C9847C1B229730029B4D02A797B6934
:1078140003B31698437B007B0090002000F0FEFF2A
:107824000028A8D10324DFF8C4800DF15F010020F3
:1078340001F0D8FB80B1D8F80430D8F8140008B1AE
:10784400159A906816F8021C9847013CEDD1002C5B
:1078540091D007E01846DFE7697B01F09AFB28B175
:10786400012CF4D0687B00F02DFE84E7022000F0A8
:10787400ADFF687B002101919DF85F3000930B46BA
:107884000A4600F0ADFD04900028E9D0297B2A794E
:10789400164B5B69C3B11698437B007B0090049838
:1078A40000F0BCFF0028DBD112A9049801F0AAFA69
:1078B40000287FF460AF9DF85130002B3FF45BAF9C
:1078C4008046CDF820B044E01846E7E701F0BEFB5F
:1078D4008346002800F00B81059B1C46002206927B
:1078E4000B93CDF81C808FE0EC300020D0320020C8
:1078F40004310020F03000200DF1370300932346BB
:107904009F4A29460498FFF795FE0646002836D17B
:107914000134052C33DDDDF81C80584601F096FB5C
:1079240005960DF1370300932346954A294604989A
:10793400FFF780FE00B9013408F101035FFA83F810
:107944009DF85130434540F2FF80059B1C4340F0B5
:10795400D3804FF000038DF837304146049801F08E
:10796400AFFA05900028B1D008F101035FFA83F85B
:107974009DF851304345ECD8DDF820B0FBE659467C
:1079840010A801F085FB7E4B5B68002B33D00C26DE
:1079940004FB06F606F11800794BD3F8008010AB0F
:1079A40012AA29462844C04706902E44B36913B34B
:1079B400024600B3724BD3F810C00123704E00216D
:1079C40002E01160013304323069007801308342EF
:1079D40011D21CF8030000F00C000028F1D1049827
:1079E4001060EFE704EB440305EB83039B6913B1D9
:1079F400069B002B29D1584601F028FB834600281A
:107A040077D00B9E002E6ED19BF80130042B3FF4EF
:107A140073AF052BE6D004EB440305EB83039869AD
:107A24000028E8D0564BDB68002BE4D05946984731
:107A3400061E18BF0126584601F008FB834600289D
:107A4400E0D1DDF81C8005966BE759460EA801F0DD
:107A54002EFB4B4B1A691378591C012941D9561C2A
:107A64009DF83BC09DF83A109DF93A800698013381
:107A7400D31809930CE0B8F1000F04DB03F0030EF4
:107A8400BEF1020F16D004300136099BB34226D052
:107A94000A900368002BF6D133789A088CEA930E87
:107AA4001EF0030FEFD18029E5D903F0030EBEF1D8
:107AB400030FE8D1687B9DF83C600196BDF83860FF
:107AC400009603F0030302F0030201F07F0100F0CB
:107AD40087FC0A9B1860B0FA80F67609ABE7059E2E
:107AE400A9E7059EA7E7DDF81C80059619E7059C24
:107AF40017E7DDF81C8014E7DDF820B03BE600232F
:107B0400AB612E740C34A04509D025466369002B63
:107B1400F7D09B68002BF2D0A0699847EFE7049D4B
:107B2400059A687B441E0023164941F824301649FF
:107B34008B5000F0C7FCBB68786908B1159A90684F
:107B44001AF8021C984716E6DDF820B013E6AB6875
:107B54000133AB602C4605F1480833E6159B986861
:107B64000A49A047039000283FF4D3ADDFF82080F2
:107B74000025084F4FF00A09AB46C24602E600BF93
:107B8400BC320020F030002004310020E832002014
:107B9400EA320020D032002000B583B06A4601A941
:107BA400FFF722FD50B9009B187810F0020F01D1A5
:107BB400802004E020F008021A7000E0802003B066
:107BC40000BD000000B59E46094B5B680BB10C205C
:107BD40000BDDFF81CC0CCF80000CCF80410CCF8D1
:107BE4000820CCF80CE0019BCCF810300020EFE723
:107BF400BC32002000B59E460B4B1B680BB1002025
:107C040000BDDFF824C0CCF81400CCF80010CCF888
:107C14000420CCF808E0019BCCF80C30029BCCF893
:107C240010306046ECE700BFD032002010B51A4B8C
:107C34000021196059609960D96019615961174B25
:107C4400196059609960D9601961154C4FF4DC7260
:107C5400204601F003FB234604F5DC7101221A746B
:107C64001A7783F8282083F8342083F8402083F897
:107C74004C2058338B42F2D10A4B00221A605A60CE
:107C84009A60DA601A61084801F06CFA003818BF8B
:107C94000120C00010BD00BFD0320020BC32002043
:107CA40004310020F0300020EC3000200020704728
:107CB4000246037800EB8301486858B14FF0000C8A
:107CC400C1F804C00133DBB2062B01D01370704736
:107CD40000231370704700000C4A52F82030FF2133
:107CE400197659690123CB62002142F820104FF024
:107CF400A04CDCF81824834022EA0303CCF818349F
:107D040040016044C0F80015704700BF44330020B0
:107D140038B5264B53F820406569410101F1A04371
:107D24004FF04042C3F800254FF6FF7301F1A04124
:107D3400D1F8082512F0020F04D1013BF8D11C4BF5
:107D44001C4ADA60D1F80835C1F80835A37E032B44
:107D540026D0E378012B4FF0A0430CBF60222022F1
:107D64001A61FFF7B9FF627E134B002143F822101A
:107D7400637E032B03D9114A1368013B1360072365
:107D84002B62002363610E4A537802EB8302556031
:107D94000133DBB2062B08BF0023094A537038BDF8
:107DA4004FF0A04310221A61DBE700BF44330020E8
:107DB40000ED00E00400FA05243300202033002005
:107DC400003300201B4B43F8210000230377017686
:107DD4000A23C3834B0103F1A043426BC3F810256C
:107DE400026BC3F8002543690222DA624FF0A04215
:107DF400D2F818C401238B4043EA0C03C2F81834A8
:107E0400837E032B14D0836A03339B0810D00903A9
:107E1400114401F5805100234269926852F82320ED
:107E240041F8042B0133826A0332B3EB920FF3D38C
:107E3400704700BF443300204369C278012A32D01E
:107E4400DA68996A521AC1888A4228BF0A4682624D
:107E54005B6A03620323C376837E012B28D0032B42
:107E6400036B0CBF43F4004323F400430363017C1E
:107E7400003918BF01214900B0F806C094451DD24D
:107E8400531E6344B3FBFCF39BB28384DB0443EAD9
:107E94004173134343634FF0A043D3F80834C3F34F
:107EA4000D03C36270471A7C002AC9D05A8ACEE7F0
:107EB400036B23F4004303630321DDE70123E4E7B9
:107EC4002DE9F04F87B04FF0A043D3F81480D3F8D6
:107ED400084418F0807F0ED100F056FE002800F010
:107EE4005182A34B01221A6018F0080F39D0A14B1C
:107EF40003F1100004E000F003FEEDE7984218D00F
:107F040053F8042B002AF9D0D1680029F6D001399E
:107F1400D1600029F2D114F0010F116B14BF41F0AC
:107F2400005121F00051116393490A6801320A603B
:107F3400E4E74FF0A043D3F8183473B18F4B1A68B9
:107F44005AB1D38B4BB1013B9BB2D3832BB94FF0C6
:107F5400A0434FF04042C3F800254FF0A04308224D
:107F64005A61230C029318F0007F00F09181C4F34E
:107F74000D0303934FF0A043D3F814444FF00009CA
:107F84004D46CDF80490CB4647E0019A32B94FF004
:107F9400A043D3F81444154634B97BE10135EDB25E
:107FA4006408F9E76408012514F0010F04D1002DD9
:107FB400F8D0012301933BE00123019338E0BB6A2D
:107FC400B26A1344BB62BB68B26A1344BB60F37801
:107FD400012B08BFF360BA6AFB689A4245D0D7F810
:107FE40020A0BAF10B0F48D02846FFF775FE73693D
:107FF4001B6B7361002B00F03981C7F820A0604A25
:10800400537802EB830257600133DBB2062B00F096
:1080140039815B4A537001239B4618F0100FB4D08A
:108024004FF0A043D3F82090D3F8148009F00F0543
:10803400690101F1A042D2F80835C2F808354F4A67
:1080440052F82560776913F0010222D0B37E032B26
:10805400BDD0F378012BB2D0B38C13F0010FAED0A6
:10806400337C83F001033374A9E7D7F820A0BAF175
:108074000B0F08BF4FF0000AB6E72846FFF72CFEA7
:10808400F378012BC9D13B7C002BC6D0013B3B7458
:10809400C3E7B07E03281DD013F0100F00F0A480B6
:1080A400F378032B00F09780336AB3F1FF3F6ED06F
:1080B400F26ADDF80CC0624584BF0CF5804CCDF843
:1080C4000CC0DDF80CC0ACEB020C63455AD84FF081
:1080D400060A89E713F0200FDED0C9F30A1E337CA9
:1080E40083F001033374C9F3881353B39C462B0301
:1080F40003F1A04303F580538A4653F8041BB86880
:1081040040F8221001326245F7D151464FEA8C0300
:10811400BEEB8C0F17D801F1A041D1F81035736371
:10812400BB6A7344BB62BA687244BA60F28872452F
:108134007FF673AFFA6893423FF46FAF01233B625B
:108144006BE79446E2E72A0302F1A04202F580526B
:1081540052F82C20059205A81A46013310F801CBD9
:10816400D7F808A00AF802C09E45F5D1D3E700BFAE
:108174001C33002024330020F43200204433002038
:10818400003300201344039A9B1A3362F2620328DB
:1081940008D001F1A0414FF04043C1F8003501235C
:1081A40033773AE7874B1B68874A12681344012BDD
:1081B40008D90123337701F1A0414FF04043C1F8BE
:1081C40000352AE7029BB3F5805FF2D32946304697
:1081D400FFF7F8FD21E701F1A0414FF04043C1F85A
:1081E40000350123337718E713F0020F36D0032844
:1081F40007D0F278012A4FF0A0420CBF6021202161
:108204001161327FCAB1F378032B02D1337AF36060
:1082140028E06C4B1B686C4A12681344012B03D88A
:10822400029BB3F5805F03D22846FFF755FDF4E6C1
:1082340029463046FFF7C6FDEFE613F0080F40F07D
:10824400BD80F37E013BDBB2F37613B94FF0070A2E
:10825400CAE629463046FFF7B5FDDEE6337F002B3C
:108264003FF4DBAE2846FFF737FDD6E6737E032BDB
:1082740003D955490A68013A0A60544A002142F870
:108284002310BAE6524B00225A7001239B46C4E6DF
:1082940000239B464B4B1D684B4B1B682B436BD0F9
:1082A400029BB3F5805F19D84A4B1B68012B7AD126
:1082B40000F06AFC002876D14FF0A043D3F81844AC
:1082C40044B10546E8B2FFF723FD01356408F9D14E
:1082D40001239B463F4B00221A6064E03E4B1B681F
:1082E400002B44D1082699461C46384FDFF8EC8011
:1082F40031E04369DB6A012B01D000231FE0364BD8
:108304001B6853B1032C84BF344B1C604D4538BFEC
:1083140000252ED22B4B1D60C6E7037F4BB10021F5
:108324002A4B53F82400FFF74DFD09F101090123FD
:1083340005E0FFF781FDF2E7034600E00023013486
:10834400042C08BFD8F80040082C08BF0424013EC0
:10835400D8D0002BD6D157F824000028ECD0C3681D
:10836400002BEBD1037EFF2BC3D00023E7E74FF0B4
:108374000009A5EB0905CDE74FF0A043D3F8183465
:1083840073B191E74FF0A043D3F8184484B1054684
:10839400E8B2FFF7BDFC01356408F9D101239B461F
:1083A4000C4B00221A605B4623B907B0BDE8F08F7E
:1083B400A346F5E7012000F007FFF6E74FF0070AB0
:1083C40012E600BFF43200202033002024330020C2
:1083D400003300201C330020443300200000002020
:1083E4002DE9F04705460E46144617469946BDF852
:1083F400203098469DF824309A4600F0FDFB0F2863
:1084040056D0032C56D8DFE804F0020202022B4BAC
:10841400186800F08DFE00284ED1294B0622104624
:108424004FF0000C08E0062A08BF62460CF1010C6C
:108434003833BCF1060F0AD019780029F3D05978E3
:10844400A942F3D19978002908BF6046EEE7052ACE
:1084540026D8C2EBC2021A4B03EBC204012103F873
:1084640032106570A670E77084F80490A4F8068052
:1084740053468A4598BF0A232372052802D800234D
:10848400A37263720023E3602374636148EA874341
:1084940043EAC62343EA855343F00043236300E0E1
:1084A4000024064B186800F054FE2046BDE8F0870F
:1084B4000024FAE70024F8E70024F6E7FC32002061
:1084C40048330020F8B5054600F096FB0F2813D07A
:1084D400214B186800F02CFE80BB204C04F5A877D3
:1084E40026466378AB4208D03834BC42F8D11A4BE4
:1084F400186800F02EFE0C20F8BD606958B1C36AFC
:108504004BB1C36A022B12D00023C362836913B137
:108514000721C0699847124A002352F8041FB14248
:108524000ED00133082BF8D100233370DCE7207E12
:10853400FFF7EEFB0B48FFF7BBFBE5E70820DBE7A3
:10854400032B03D908490A68013A0A60074A002143
:1085540042F82310E8E700BFFC3200204833002033
:108564002033002000330020203300202433002057
:1085740038B50F4B984216D3044603F5A8739842B6
:1085840002D30C231D4610E00A4B186800F0D0FDFE
:10859400054610B108231D4607E02074054B1868F2
:1085A40000F0D7FD01E00C231D46284638BD00BF6E
:1085B40048330020FC32002038B5154B186800F011
:1085C400F1FD08BB1348FFF773FB0346F8B14FF402
:1085D4008034104D08E0DA624FF480340BE0284612
:1085E400FFF766FB034690B11A6B002AF3D0013CF7
:1085F40004BF0322DA629A69002AF0D0196AD869A2
:1086040090474FF48034EAE7022000F0DDFD38BDE6
:10861400F83200200033002070B505460E460A4C9F
:10862400FFF7CAFFEB6A43B1012E08D0EB6A032BB4
:1086340007D0013CF4D1062000E0286A70BD0B206D
:10864400FCE70620FAE700BF010005002DE9F04130
:108654000446884600F0D0FA05460F2800F0A480AE
:1086640000F092FA002800F09C800023A3620B2201
:108674002262236326684EB14E4B9E42C0F0938023
:1086840003F5A8739E4203D30E258DE0494E266060
:10869400736923B1F378012B01D00A2584E0E368E0
:1086A400B3F1FF3F04BFF388E360434B186800F065
:1086B4003FFD054600287AD173695BB11A461B6BEE
:1086C400002BFBD114630123E3623B4B186800F0D9
:1086D40040FD69E07461337903B92379B376637932
:1086E400FF2B18BF3374F378032B15D0012B17D04D
:1086F400002304200746F360304A02EB870200237C
:10870400116891B1043201339842F9D12A4B1868A7
:1087140000F01FFD032547E0337A02200746EAE70D
:10872400636A022000221746E5E79842EED9F91859
:10873400224A42F821607176FF2333763046FFF7F0
:108744007BFB01233377042F0DD00123E3621A4B03
:10875400186800F0FEFC434633BB41462046FFF751
:108764005BFF054620E0164A1368013313604FF09F
:10877400A043D3F808341B0CB3F5805F0ED9114B1A
:108784001B685BB9104B1B68002BE0D119463046BF
:10879400FFF718FB0B4B01221A60D8E70123E362B1
:1087A400D5E7072500E00E252846BDE8F081082519
:1087B400FAE700BF48330020FC32002024330020B5
:1087C400203300201C3300204433002000F1010C2E
:1087D4004FF0A043D3F80824C2F30D02BCF1000FFC
:1087E40016D04FF0A043D3F80834C3F30D034FF66B
:1087F400FE704FF0A0419A4206D1D1F80834C3F379
:108804000D030138F7D105E00CF1FF3C1A46E5E70A
:108814004FF6FF70003818BF0120704770B504464A
:108824000D461E4600F0E8F90F280DD044B1084B60
:108834009C420AD303F5A8739C4202D30C2003E0A4
:10884400034C6572A672002070BD0C20FCE700BFCB
:1088540048330020DFF848C060451AD30CF5A87CE3
:10886400604518D219B190F801C081F800C00AB16E
:10887400817811700BB1C2781A70009B13B103791F
:10888400009A1370019B43B1C388019A138000209E
:1088940070470C2070470C2070471846704700BF83
:1088A4004833002008B500F07FF900B108BD07483F
:1088B40000F026FC30B9064800F054FC20B900F062
:1088C40031F9F3E70820F1E70820EFE7FC32002054
:1088D400F832002010B582B04FF4A8720021264867
:1088E40000F0BCFC0024254B1C60202221462448B7
:1088F40000F0B4FC234B1C605C609C60DC601C6179
:108904005C619C61204B1C60204B1C6000F06CF986
:10891400034600BB4FF0A0430522C3F800243322D2
:10892400C3F80C259A6942F000729A619A6942F080
:1089340010029A619A6942F008029A610190082330
:108944000093034602460146FFF74AFD90B100F04A
:1089540011F9034610B1184602B010BD0C490D4878
:1089640000F0BAFB03460028F5D10A4800F0C0FB2A
:108974000346F0E70D23EEE748330020443300209C
:1089840024330020003300201C3300202033002037
:10899400C57E0008000004324FF0A042D2F84034F3
:1089A40023F00403C2F84034002070474FF0A04283
:1089B400D2F8403443F08003C2F8403400207047BA
:1089C4004FF0A043D3F8403413F0220F12D103F038
:1089D40001021348007882420AD000220A7013F080
:1089E400010F16D002224A7001200D4A107009E0CE
:1089F400002007E000220A7013F0200FEFD00422B9
:108A04004A70012023F004034FF0A042C2F840341E
:108A1400704701204870024A00211170F2E700BF3C
:108A24009834002010B54FF0A044D4F8403443F0FB
:108A34004003C4F840341420FFF7C8FED4F840348F
:108A440023F04003C4F840342246D2F8403413F0F3
:108A5400800FFAD1002010BD10B5C82000F0C6FB6D
:108A64004FF0A044D4F8403423F00403C4F8403455
:108A7400D4F8403443F48073C4F84034142000F034
:108A8400B5FBD4F8403423F48073C4F84034402355
:108A9400636203F5C003A3624FF0A013C4F800316E
:108AA400D4F8403413F0040F28D0C3F34143012B0E
:108AB40003D0022B11D0002021E00522C4F80024A9
:108AC4004BF68032C4F804244FF4FA70FFF77EFEAC
:108AD400003818BF0120400011E04FF0A0430622E7
:108AE400C3F8002441F27072C3F804244FF4FA70FE
:108AF400FFF76CFE003818BF012000E0002010BD15
:108B040008B54FF0A043D3F8403403F00103034AFF
:108B14001360034B186800F05DFB08BD9C34002013
:108B2400EC30002000B583B000200C4B18604FF0EF
:108B3400A042D2F8403423F48053C2F84034084BA6
:108B44000193084B0093084B084A0949FFF752F870
:108B540000280CBF0D20002003B000BD9C34002071
:108B6400298A0008B18900089D8900085D8A0008E7
:108B7400C58900084FF0A042D2F8403443F4805332
:108B8400C2F84034002070474FF0A043D3F840347B
:108B940013F0010F02D1034B00221A60014B186835
:108BA400704700BF9C3400200E4B5A6922F4805257
:108BB4005A615A6822F480025A605A6942F4805217
:108BC4005A619A6A42F480529A629A6A22F48052F2
:108BD4009A624FF0A042D36843F00053D360002060
:108BE400704700BF001002404FF0A042936B43F463
:108BF4008033936300207047014B1868704700BFAF
:108C0400A034002030B595B015461C4601900123D0
:108C14008DF8083000238DF809300391082204925E
:108C240032220A920793194601A8FFF70FFD04B1F7
:108C340018B1012817D915B030BD03238DF80830B9
:108C440001238DF80930039504944FF4FA730A93C1
:108C5400014601A8FFF7FAFC189B002BE9D00B9BF7
:108C6400189A1360E5E702238DF8083001238DF884
:108C7400093000210391049132230A9301A8FFF7DC
:108C8400E5FCD8E730B595B015461C4601900123A4
:108C94008DF8083000238DF80930039108220492DE
:108CA40032220A920793194601A8FFF7CFFCA4B118
:108CB400A0B902238DF8083001238DF809300395FB
:108CC400049441F288330A93014601A8FFF7BEFCDD
:108CD400189B13B10B9B189A136008B115B030BDE3
:108CE40003238DF8083001238DF8093001460390E1
:108CF400049032230A9301A8FFF7A8FCEEE710B50D
:108D040094B01C46019003238DF80830FF238DF89E
:108D1400093003910492169B0A930021079101A83C
:108D2400FFF794FC0CB10B9B236014B010BD10B57D
:108D340094B01C46019002238DF80830FF238DF86F
:108D4400093003910492169B0A930021079101A80C
:108D5400FFF77CFC0CB10B9B236014B010BD08B56D
:108D6400FEF764FF00B108BDFFF79CFDFBE708B503
:108D7400FEF79CFF00B108BDFFF7ACFDFBE730B583
:108D840087B0044608460D46002101910DF10E03FB
:108D940000930B460DF10F02FFF75CFD78BB9DF8C5
:108DA4000E30032B1DD09DF80F3002228DF81020B9
:108DB40001228DF8112000228DF812208DF8132045
:108DC4008DF814308DF815208DF816208DF81720A5
:108DD4000092134604A92046FFF754FF40B1012036
:108DE4000EE09DF80F3063F07F038DF80F30DAE763
:108DF4002846FFF7BDFB003818BF012000E0012022
:108E040007B030BD2DE9F04385B00546894680237F
:108E14008DF8083006238DF8093000238DF80A30C8
:108E240001228DF80B208DF80C308DF80D301222B4
:108E34008DF80E208DF80F300324204E0DF1080814
:108E44001F4603E0631E13F0FF0432D00097122381
:108E5400324641462846FFF7D5FE03460028F1D1A5
:108E64007278012AEED1154A1278122AEAD14C46B8
:108E740004B3124A117989F80610517989F8071058
:108E8400917989F80810507B117B01EB0021A9F836
:108E94000410507A117A01EB0021A9F80010D07A5D
:108EA400917A01EB0021A9F80210527C89F809207B
:108EB40000E00123184605B0BDE8F083A434002087
:108EC4002DE9F04387B006460D4603244FF0800990
:108ED4004FF00608194F8DF810908DF811808DF819
:108EE400125002238DF8133000238DF814308DF8BE
:108EF4001530FF238DF8163001238DF8173003AB9E
:108F0400009340F2FF133A4604A93046FFF77AFE75
:108F1400012807D9631E13F0FF04DCD1012007B038
:108F2400BDE8F083054BDA78987800EB022080B234
:108F3400039B984294BF00200120F0E7A434002052
:108F4400F0B585B0064600238DF8083009228DF867
:108F540009208DF80A108DF80B308DF80C308DF83F
:108F64000D308DF80E308DF80F30032402AF1D46FE
:108F740000952B462A4639463046FFF783FE0346C2
:108F840020B1631E13F0FF04F2D10123184605B08B
:108F9400F0BDF0B585B0064600238DF808300522F3
:108FA4008DF809208DF80A108DF80B308DF80C30EF
:108FB4008DF80D308DF80E308DF80F30032402AF8C
:108FC4001D4600952B462A4639463046FFF75AFE81
:108FD400034620B1631E13F0FF04F2D101231846A7
:108FE40005B0F0BD10B584B00C4680238DF8083070
:108FF40006238DF8093000228DF80A2001238DF80C
:109004000B308DF80C208DF80D2008238DF80E30D0
:109014008DF80F2000920C4A0DEB0301FFF7F2FDCF
:1090240078B9094B5B78012B01D001200AE0064B8B
:109034001B78122B01D9012004E0034BDB79237048
:1090440000E0012004B010BDA4340020084B002827
:1090540018BF03461A789818054AD178937803EB19
:1090640001239BB21344984228BF0020704700BFDD
:10907400A4340020054B1A7902705A7942709A7907
:109084008270DA79C2701B7A03717047A4340020AD
:109094004B7903708B794370CB7983708B78C37071
:1090A400CB7803710B7A43710B79837170478B789A
:1090B4008370CB78C3708B7903714A790B7903EB96
:1090C400022303807047704708B5024B1B6898471A
:1090D40008BD00BFA4360020034B984203BF034BD6
:1090E400196000200120704700000432A4360020DB
:1090F400024BC01A18BF0120704700BF00000432A1
:10910400094A0023117829B101320133042BF9D122
:1091140003207047044A0121D154044A991801607C
:109124000020D054704700BFA8360020AC36002081
:109134000378FF2B0BD010B5044623B1FFF7C4FF0F
:109144002378002BFAD101232370002010BD0120C5
:1091540070470378FF2B1DBF0023037018460120BE
:10916400704700000E4B1B68B3F1FF3F15D013F09E
:10917400010F0BD013F0020F04D013F0040F03D02F
:1091840003207047022202E0042200E0012213437C
:1091940003490B600260002070470320704700BF42
:1091A400B036002010B50446FFF78EFF054B1B6850
:1091B400234205D023EA0403024A1360002010BDB1
:1091C4000320FCE7B4360020014B186000207047F0
:1091D400B4360020044B1B68012B01D900207047D2
:1091E4000343014A1360F9E7B4360020400080B21B
:1091F400074B988500229A841A8201221A801A4603
:10920400138A9BB2002BFBD0014B00221A807047BB
:109214000010004000200C4B18600C4BFF221A7009
:109224005A709A70DA700A4B187058709870D87027
:10923400084AD36943F01003D361074B48F6A042B0
:109244001A851880704700BFB0360020AC36002065
:10925400A8360020001002400010004030B58407FA
:109264008646034606D0A2B303F8011B980702F111
:10927400FF32F8D1032A26D95FFA81FC0CEB0C2CBF
:109284000F2A0CEB0C402AD922F00F0C9C44C3E9A2
:109294000000C3E9020010336345F8D112F00C0F4B
:1092A40002F00F0517D01A464FEA950C0CF1FF3463
:1092B40003EB8C0C42F8040B6245FBD1043305F03C
:1092C400030203EB840322B11A4403F8011B9A42FC
:1092D400FBD1704630BD2A46002AF5D1F9E7154680
:1092E400E1E700BF10B504460843830724D1032AED
:1092F40022D90B46A44618681946A0F1013323EA83
:10930400000313F0803F18D1043A032A4CF8040BED
:1093140001F10403EFD8194601F1FF3E52B163464F
:109324001EF8011F501E03F8011B49B102469C465A
:10933400002AF4D1204610BDA44601F1FF3EEDE71A
:1093440094440028F6D003F8011B6345FBD1204662
:1093540010BD00BF01292DE9F04116465BD9012754
:109364000C464FF0000E4FF0FF32BC463B4607E080
:109374009E464FF0010C9F1A0EEB0C039C420ED933
:10938400811811F80C10C55C8D42F1D333D001273C
:10939400BC467246BE440EEB0C039C42F0D84FF020
:1093A40001084FF0000E4FF0FF31C44643463760CA
:1093B40008E09E464FF0010CA3EB01080EEB0C03F2
:1093C4009C420FD9451815F80C50C75CAF42F0D831
:1093D40019D04FF00108C4467146C6440EEB0C0385
:1093E4009C42EFD80131501C814202D30846C6F892
:1093F4000080BDE8F081BC450ABFE6440CF1010CD5
:109404004FF0010CB8E7C4450ABFE6440CF1010C67
:109414004FF0010CD2E74FF001080021E6E700BF4E
:109424002DE9F04F9346ADF21C4D07468946584648
:10943400194605AA1C46FFF78DFF824605AB0DF2BF
:10944400144143F8044F8B42FBD16CB1601E584465
:109454000BF1FF3212F8011F06AEA31A013B5B4465
:10946400824246F82130F5D1059B524658460BEB13
:109474000301029300F08AFA002877D1804605465A
:1094840044F40063A9EB04010393661EA94213D3B9
:1094940007EB050E1EF8063006AA52F82330D3B1A6
:1094A400B8F1000F03D0029A9A4288BFA31A1D4450
:1094B400A9424FF00008EBD2039907EB090000F032
:1094C4000FFB8144A9EB0401A942E1D200200DF273
:1094D4001C4DBDE8F08FD045434638BF5346B342D8
:1094E4001AD20BF1FF3018440EEB0302019502E08F
:1094F4000133B3420FD0157810F801CF0132AC45D7
:10950400F6D09E42019D07D9CAF101022A444FF0C8
:109514000008D518BAE7019DD04580F0898007EB93
:109524000A022A440AF1FF330BEB0A00019502E018
:10953400984511D0013B10F801CD12F8015DAC45FE
:10954400F6D0019D013308F10108984509D8029B22
:109554001D44A4EB030899E708F101089845019D0F
:10956400F5D970460DF21C4DBDE8F08FA4EB0A034B
:10957400534538BF53460025661E44F40062013348
:10958400A9EB0401019207EB06080293A94208D350
:1095940018F8052006AB53F822309BB11D44A942AC
:1095A400F6D2019907EB090000F09AFA8144A9EB7D
:1095B4000401A9428AD318F8052006AB53F82230D7
:1095C400002BEBD1564518D90BF1FF3007EB0A03FA
:1095D400524650442B4402E0013296420DD093F897
:1095E40000C010F801EF0133E645F5D0964204D9E6
:1095F400CAF101032B449D18C8E7BAF1000F12D039
:1096040007EB0A0028440BEB0A0202E0013B5B452E
:1096140009D0134610F801CD12F801EDE645F5D056
:10962400029B1D44BBE778190DF21C4DBDE8F08F79
:10963400534688E72DE9F0410D78044690B0002D9B
:1096440048D04A78002A68D08B78002B46D0C87856
:10965400002877D00B79002B65D008460E4600F021
:1096640067F90546204645F4007100F039FA854251
:1096740042D8FE2D7FD8401B271840226846691C1B
:10968400FFF7ECFD5DB1721EA81812F8013F03F05C
:109694003F03B11A6B44294490421970F5D1013C3F
:1096A400635D03F03F036B441B781C44A74203D261
:1096B40027E04444A74224D314F805C02A460CF0FA
:1096C4003F0CEC44314620469CF8008000F05EF9E3
:1096D4000028EED1204610B0BDE8F081007842EABF
:1096E400054238B140EA03439A4214F8010FF8D115
:1096F400023CEFE79A42FBD00024204610B0BDE8BC
:10970400F0817B5D7819002BF6D04FF4006100F0F6
:10971400E7F90744A742C2D2EEE7294610B0BDE8F4
:10972400F04100F075B92278002AE5D0096809BA39
:10973400204642EA032314F8012FB2B19942F7D12B
:10974400C41EC7E71204014642EA0562207842EAD1
:10975400032340EA010258B1B3EB022F14F8010FBE
:109764004FEA0221F5D1033CB4E79942C4D1E7E7BB
:109774008B42C1D1F7E701462B463246204610B052
:10978400BDE8F041FFF74CBE80EA0102844612F0C6
:10979400030F4FD111F0030F32D14DF8044D11F0E6
:1097A400040F51F8043B0BD0A3F101329A4312F099
:1097B400803F04BF4CF8043B51F8043B16D100BF72
:1097C40051F8044BA3F101329A4312F0803FA4F103
:1097D40001320BD14CF8043BA24312F0803F04BF8A
:1097E40051F8043B4CF8044BEAD023460CF8013BF7
:1097F40013F0FF0F4FEA3323F8D15DF8044B7047A1
:1098040011F0010F06D011F8012B0CF8012B002ADE
:1098140008BF704711F0020FBFD031F8022B12F0CD
:10982400FF0F16BF2CF8022B8CF8002012F47F4F88
:10983400B3D1704711F8012B0CF8012B002AF9D190
:10984400704700BF844641EA000313F0030349D183
:10985400403A23D30B6803604B6843608B68836092
:10986400CB68C3600B6903614B6943618B69836196
:10987400CB69C3610B6A03624B6A43628B6A83627E
:10988400CB6AC3620B6B03634B6B43638B6B836366
:10989400CB6BC36340304031403ADBD230320BD320
:1098A4000B6803604B6843608B688360CB68C3605C
:1098B40010301031103AF3D20C3205D351F8043B76
:1098C40040F8043B043AF9D2043208D0D2071CBF52
:1098D40011F8013B00F8013B01D30B88038060467B
:1098E400704700BF082A13D38B07B1D010F00303CD
:1098F400AED0C3F10403D21ADB071CBF11F8013B3D
:1099040000F8013BA4D331F8023B20F8023B9FE767
:10991400043AD9D3013A11F8013B00F8013BF9D2DA
:109924000B7803704B7843708B7883706046704774
:1099340020F0030110F00300C0F1000051F8043BD3
:1099440000F1040C4FEACC0C6FF000021CBF22FAA9
:109954000CF213434FF0010C4CEA0C2C4CEA0C4C67
:10996400A3EB0C0222EA030212EACC1204BF51F860
:10997400043B0430F4D0C2F1000102EA0102B2FA5D
:1099840082F2C2F11F0200EBD2007047032A11D801
:10999400002A3BD0013A431E0139024401E09A42B5
:1099A40034D013F8010F11F801CF6045F7D0A0EBC4
:1099B4000C00704710B541EA0004A40784460B4626
:1099C4000FD0013A431E0139024401E09A421BD0F0
:1099D40013F8010F11F801CF6045F7D0A0EB0C008C
:1099E40010BDDCF80040D3F800E019467445604629
:1099F400E7D1043A032A03F104030CF1040CF0D870
:109A040060461946002ADCD1002010BD00207047B2
:109A140011F0FF01034600F003023AD09ABB186824
:109A240001EB012202EB024282EA000C10B514465B
:109A3400A0F1013222EA0002ACF1013020EA0C006C
:109A4400024312F0803F0FD153F804CF8CEA040E86
:109A5400ACF10132AEF1013022EA0C0220EA0E0030
:109A6400024312F0803FEFD01A7822B934E013F8A1
:109A7400012F002A30D09142F9D12EE08A4206D03B
:109A840001339A07CBD01A78002AF7D11346184627
:109A94007047E2B91968A1F1013222EA010212F019
:109AA400803F08D153F8041FA1F1013222EA0102D8
:109AB40012F0803FF6D01A78002AE8D013F8012F6C
:109AC400002AFBD11846704701339907E2D01A786F
:109AD400002AF9D1184670471346184610BD00BF36
:109AE40059B1034600EB010C02E001339C4504D05C
:109AF4001A78002AF9D1181A70470846704700BF2F
:109B0400720000002A2E62696E0000005553422044
:109B1400557064617465204D6F6465202020202099
:109B240020202020202020202020202000000000B1
:109B34002F2A2E62696E0000202020202020202061
:109B440020202020202020200020202020204E6FB4
:109B540020555342202020202000204E6F20757075
:109B6400646174652066696C65200020466C6173CD
:109B7400682045726173696E672020002045726118
:109B840073696E67204572726F72202000205570D1
:109B9400646174696E673A2020202025200000004B
:109BA40000000000000000000000000000000000B1
:109BB40053696D756C61746F722D4C434232303150
:109BC400383131004C43422053696D756C61746FB8
:109BD400725F49415239000053544D33324631309B
:109BE4003556430000000000000000004A6F686E14
:109BF400736F6E204865616C746820546563682EC9
:109C040020436F2E2C204C74642E000000000000B2
:109C14000000000000000000000000000000000040
:0C9C240003000B0AA1FE0000000001007C
:020000040803EF
:10FE00004A6F686E736F6E204865616C7468205429
:10FE10006563682E20436F2E2C204C74642E0000E6
:10FE200000000000000000000000000000000000D2
:10FE30000000000053544D333246313035564300F4
:10FE400000000000000000004C43422053696D7523
:10FE50006C61746F725F49415239000053696D756E
:10FE60006C61746F722D4C43423230313831310045
:10FE700053696D756C61746F7200000000000000C2
:10FE800000000000312E332E32303236303132361F
:08FE900000000000000000006A
:08FE9800B099FC7F010000009D
:04FEA000040000005A
:0400000508001911C5
:00000001FF
