:020000040800F2
:10D000000000012025770108697701086977010888
:10D010006977010869770108697701080000000055
:10D020000000000000000000000000006977010817
:10D03000697701080000000069770108ED6D0108BB
:10D04000197501081B7501081D7501081F75010878
:10D050002175010823750108257501082775010848
:10D06000297501082B7501082D75010839D50008AF
:10D070002F750108317501083375010835750108F0
:10D0800037750108397501083B7501086977010892
:10D090006977010869770108697701083D7501081A
:10D0A0003F75010841750108437501084575010880
:10D0B000697701084775010875E00008497501089E
:10D0C0004B7501084D7501084F7501085175010830
:10D0D0005375010869770108BDED000869770108FB
:10D0E00055750108577501086977010800000000AF
:10D0F0000000000000000000000000000000000030
:10D10000000000000000000069770108697701084D
:10D110006977010869770108597501085B7501088D
:10D12000697701086977010869770108697701085B
:10D13000697701086977010869770108697701084B
:10D14000697701086977010869770108697701083B
:10D1500000000000000000000000000000000000CF
:10D1600000000000000000000000000000000000BF
:10D1700000000000000000000000000000000000AF
:10D18000000000000000000000000000000000009F
:10D19000000000000000000000000000000000008F
:10D1A000000000000000000000000000000000007F
:10D1B000000000000000000000000000000000006F
:10D1C000000000000000000000000000000000005F
:10D1D000000000000000000000000000000000004F
:04D1E0005FF8E0F123
:10D1E8002DE9F04192B04FF01008ADF8048000240A
:10D1F8008DF8074001A94C480AF0B3FA4B4B4FF0A1
:10D2080000051C805C801D719C609C8140F2E731A8
:10D21800D981474A1480474F3C801C825C821D7527
:10D228009C619C83D98354807C80434B1D70434B05
:10D238001D70434B1D70434B434A1A60434E3046A2
:10D248000BF0B0F8424B029303970494022705971A
:10D258000694802307934FF4807308934FF48063F8
:10D26800099320230A934FF400530B930C9402A9BB
:10D2780030460BF02BF9012130460BF044F901221E
:10D28800394630460BF04CF94FF4C0230D93012674
:10D298008DF838608DF839504FF460230F9310944F
:10D2A8008DF844702B4C0DA920460AF0C1FF0723C6
:10D2B8003246042120460BF012F807233A4641462D
:10D2C80020460BF00CF8314620460AF0E0FF3146C4
:10D2D80020460AF0D1FF30460BF054F820460AF0F9
:10D2E800E1FF20460AF0E3FF0028FAD119480AF0C6
:10D2F800E2FF184C20460AF0E3FF0028FAD1104A52
:10D30800137843F0040313700B238DF800300123C6
:10D318008DF801308DF802008DF8033068460AF068
:10D3280049FC12B0BDE8F081000801404423002008
:10D338004023002064230020380000203D00002006
:10D348003C00002030000020CDCC4C3F08000240BB
:10D358004C2401400024014070B5414B1B7813F068
:10D36800080F05D13E4B1B7813F0040F58D170BD40
:10D378003B4B1B7813F0100F4CD13A4E30880BF012
:10D38800D9FD4FF066510BF02DFE0BF043FA002249
:10D39800354B0BF097FA0022344B0BF093FA044606
:10D3A8000D46334B18680BF035FA02460B462046FB
:10D3B80029460BF087FA0BF097FC2E4B18807088E3
:10D3C8000BF016FA20A3D3E900230BF07BFA002216
:10D3D800294B0BF077FA02460B461DA1D1E9000153
:10D3E8000BF0B8F81CA3D3E900230BF095FB00223F
:10D3F8001E4B0BF067FA0BF097FC20490BF0EAFC88
:10D408000BF040FF1E4B1880154A137823F00803D1
:10D418001370A7E7124A137823F010031370ACE7D0
:10D42800184A13780133DBB21370092B9FD90121F5
:10D4380015480AF049FF0A4A137823F004031370C9
:10D44800104B00221A7092E76666666666660A40A6
:10D45800E17A14AE47E1F63F3333333333331140C7
:10D468003C000020402300200080304000408F40D6
:10D4780030000020360000200000303F0000C84186
:10D4880034000020380000200024014000B5531E5D
:10D4980013F0FF0E0FD000EB4E03A0F1020C0CEBC3
:10D4A8004E0C023AD2B2ACEB420C33F8022C23F801
:10D4B80002296345F9D1018000BD012925D92DE94B
:10D4C800F0410D464F1EFFB286460021A5F1020825
:10D4D800861CB94217D0A8EB010C5FFA8CFC8C446F
:10D4E80006EB4C0C73467446BEF8002033F8020F66
:10D4F800824284BF20801A806345F5D101310EF144
:10D50800020EA942E5D1BDE8F08170478C4661B1B1
:10D51800034600EB4101002033F8022B10448B42F4
:10D52800FAD1B0FBFCF080B270470846F9E700007A
:10D53800F8B54B4C4B4E4C4F00252246217900291B
:10D5480040D13288628022804FF001032371A368A2
:10D558001344A3600135022D6ED1444B1B78092B6F
:10D5680027D9424B00221A70414A137843F0080326
:10D5780013700A213C48FFF7A0FF3E4B1C88002C83
:10D588005ED004213C48FFF7C1FF044404EBD47487
:10D59800C4F34F00374C20800A213848FFF78DFF2D
:10D5A8006488002C51D104213548FFF7AFFF314B77
:10D5B800588002200AF0BEFF2D4A137843F0040376
:10D5C8001370F8BD3388208898422BD2238001310C
:10D5D800C8B2107191680B4493600A28BAD91188AF
:10D5E800591A5388C91A0238B1FBF0F1D38903FBE1
:10D5F80001F1244BA3FB0131C1F38F119181002369
:10D60800138053804FF00000107193600A2238464F
:10D61800FFF73CFFEBB2012B09D00135103402367D
:10D6280014378AE76088984288BF6380CFE70F4A3B
:10D6380013780133137090E71034023614377CE7FF
:10D6480004210D48FFF762FFA4E704210C48FFF707
:10D658005DFF044404EBD474C4F34F00A7E700BF94
:10D668004423002064230020400000203D000020C7
:10D678003C000020402300204600002054000020E9
:10D688005A000020D34D621030B583B0124C0122ED
:10D698004FF4806120460AF0C7F801224FF4006178
:10D6A80020460AF0C1F803238DF806304FF4806352
:10D6B800ADF8043010238DF8073001AD2946204617
:10D6C8000AF04FF84FF40063ADF8043029462046BD
:10D6D8000AF047F803B030BD000C014030B583B004
:10D6E800164C01224FF4006120460AF09DF80323EE
:10D6F8008DF8063010238DF807304FF40065ADF82B
:10D70800045001A920460AF02CF801224FF4806148
:10D7180020460AF089F800BF00BF002229462046AB
:10D728000AF082F800BF00BF00224FF48061204653
:10D738000AF07AF800BF00BF03B030BD000C01400A
:10D7480030B583B0124C00224FF4006120460AF035
:10D758006BF803238DF8063010238DF807304FF44B
:10D768000065ADF8045001A9204609F0FAFF01222E
:10D778004FF4806120460AF057F800BF00BF01222D
:10D78800294620460AF050F800BF00BF03B030BD5C
:10D79800000C014030B583B0154C00224FF40061F5
:10D7A80020460AF041F803238DF8063010238DF83F
:10D7B80007304FF40065ADF8045001A9204609F080
:10D7C800D0FF0022294620460AF02EF801224FF405
:10D7D800806120460AF028F800BF00BF00BF00BFE4
:10D7E80000224FF4806120460AF01EF803B030BDD5
:10D7F800000C014010B582B0164C01224FF40061B4
:10D8080020460AF011F803238DF8063010238DF80E
:10D8180007304FF40063ADF8043001A9204609F041
:10D82800A0FF00224FF48061204609F0FDFF01228D
:10D838004FF48061204609F0F7FF00BF00BF00BF2A
:10D8480000BF00224FF48061204609F0EDFF02B0CE
:10D8580010BD00BF000C014030B583B003238DF824
:10D86800063048238DF807304FF40065ADF80450B2
:10D87800114C01A9204609F074FF00224FF4806181
:10D88800204609F0D1FF01224FF48061204609F0BB
:10D89800CBFF00BF2946204609F0C0FF05460022FD
:10D8A8004FF48061204609F0BFFF00BF00BF00BFF2
:10D8B80000BF284603B030BD000C01402DE9F041FF
:10D8C80082B0044603238DF8063010238DF8073004
:10D8D8004FF40063ADF8043001A9154809F041FF81
:10D8E8000825134E00274FF0010814F0800F14BFCD
:10D8F80042463A464FF40061304609F095FF00BFB2
:10D9080000BF42464FF48061304609F08DFF00BFEA
:10D9180000BF3A464FF48061304609F085FF640045
:10D92800E4B26B1E13F0FF05DFD102B0BDE8F08151
:10D93800000C01402DE9F04182B003238DF8063038
:10D9480048238DF807304FF40063ADF8043001A97F
:10D95800184809F006FF08250024164E4FF0010864
:10D968004FF480676400E4B242463946304609F015
:10D978005BFF0A2300BF013B13F0FF03FAD14FF40A
:10D988000061304609F04AFF44F00103DBB2012888
:10D9980008BF1C4600223946304609F045FF00BF43
:10D9A80000BF00BF013D15F0FF05DBD1204602B0E6
:10D9B800BDE8F081000C014010B50446FFF78EFE6B
:10D9C8009020FFF77BFFFFF747FF2046FFF776FF22
:10D9D800FFF742FFFFF7B4FE10BD000008B5FFF7E0
:10D9E80053FE8F20064B1870FFF7E6FF054B002209
:10D9F8001A80054B1A70054B054A1A6008BD00BF0E
:10DA08007C000020720000207400002068000020C4
:10DA180080447C3F10B5FFF761FE9120FFF74EFF71
:10DA2800FFF71AFFFFF786FF4FF0000460F30F249B
:10DA3800FFF7B0FEFFF77EFF60F30704FFF7AAFECB
:10DA4800FFF778FF034B1870FFF7D4FEFFF778FE57
:10DA5800A0B210BD7C000020024A13880133138055
:10DA6800704700BF72000020044B1B88834238BFF8
:10DA780003F1FF33181A80B2704700BF720000200C
:10DA880038B52D4B1888FFF7EFFF0A2800D838BDA6
:10DA9800FFF7C0FF294B188010F4004F39D180B22E
:10DAA800C0F30E000BF046FA25490BF04FFB0AF0C5
:10DAB800B1FE1BA3D3E900230AF004FF1AA3D3E99C
:10DAC80000230AF0FFFE04460D461E4B18680AF0B4
:10DAD800A1FE02460B46204629460AF0F3FE0BF04B
:10DAE80003F983B21C4618460BF024FA0AF092FE9A
:10DAF8000FA3D3E900230BF00FF80BF0F5F880B271
:10DB0800114B1C80114B1880114B1A880A4B1A8034
:10DB1800BDE700231C461846F2E700BFAFF30080BC
:10DB28006666666666660A400000000000889340E4
:10DB38009A9999999999A93F700000207800002036
:10DB480000FEFF46680000206E0000206C000020E8
:10DB580072000020014B1888704700BF6C0000203D
:10DB680010B5074C00224FF40041204609F05CFE36
:10DB780001224FF40041204609F056FE10BD00BFB7
:10DB8800000C01402DE9F0414401A4B20B250F4FD0
:10DB98004FF000084FF480460CE001223146384629
:10DBA80009F042FE6400A4B2FFF7DAFF6B1E13F01F
:10DBB800FF0508D042463146384609F035FE14F4D0
:10DBC800004FEFD0E9E7BDE8F08100BF000C01404D
:10DBD80038B51F4C01224FF48071204609F024FE0D
:10DBE8001C4D01224FF48041284609F01DFEFFF725
:10DBF800B7FF00224FF48041284609F015FEFFF7D1
:10DC0800AFFF00224FF48041284609F00DFEFFF7D0
:10DC1800A7FF4FF4C060FFF7B5FF00224FF48071F3
:10DC2800204609F001FE00224FF48041284609F001
:10DC3800FBFD00BF01224FF48071204609F0F4FD7E
:10DC480000BF00224FF48071204609F0EDFD38BD79
:10DC580000140140000C014070B50646274D012212
:10DC68004FF48071284609F0DFFD254C01224FF45E
:10DC78008041204609F0D8FDFFF772FF01224FF4DA
:10DC88008041204609F0D0FDFFF76AFF01224FF4DA
:10DC98008041204609F0C8FDFFF762FF3046FFF7D4
:10DCA80071FF00224FF48071284609F0BDFD002263
:10DCB8004FF40041204609F0B7FD00224FF480419F
:10DCC800204609F0B1FD00BF01224FF480712846BB
:10DCD80009F0AAFD44F62164094E4FF4005529467F
:10DCE800304609F09BFD08B9013CF8D100224FF4F9
:10DCF8008071024809F098FD70BD00BF0014014012
:10DD0800000C014038B5224D01224FF4807128469D
:10DD180009F08AFD1F4C01224FF48041204609F08A
:10DD280083FDFFF71DFF00224FF48041204609F0D4
:10DD38007BFDFFF715FF00224FF48041204609F0D4
:10DD480073FDFFF70DFF0020FFF71CFF00224FF4C3
:10DD58008071284609F068FD00224FF48041204672
:10DD680009F062FD00224FF40041204609F05CFDF5
:10DD780000BF01224FF48071284609F055FD00BF0D
:10DD880000224FF48071284609F04EFD38BD00BFCF
:10DD980000140140000C01402DE9F041044608251B
:10DDA8000E4F4FF000084FF4804607E06400E4B2DD
:10DDB800FFF7D6FE6B1E13F0FF050DD04246314625
:10DDC800384609F031FD14F0800FEFD001223146BA
:10DDD800384609F029FDE9E7BDE8F081000C01406B
:10DDE800F8B507460E46294D01224FF480712846A2
:10DDF80009F01AFD264C01224FF48041204609F013
:10DE080013FDFFF7ADFE00224FF48041204609F0D4
:10DE18000BFDFFF7A5FE01224FF48041204609F0D3
:10DE280003FDFFF79DFE3846FFF7ACFE3046FFF7CF
:10DE3800B3FF00224FF48071284609F0F5FC002258
:10DE48004FF48041204609F0EFFC00224FF40041D6
:10DE5800204609F0E9FC00BF01224FF480712846F2
:10DE680009F0E2FC44F62164094E4FF400552946B6
:10DE7800304609F0D3FC08B9013CF8D100224FF430
:10DE88008071024809F0D0FCF8BD00BF00140140C1
:10DE9800000C01402DE9F04104460E4617460122C8
:10DEA8004FF48071134809F0BFFCFFF791FE264438
:10DEB800B4420FDAA04625462046FFF7CDFEA5EB73
:10DEC8000805795D2046FFF78BFF0134A4B225468B
:10DED800B442F1DBFFF716FF00224FF480710548CA
:10DEE80009F0A2FC00224FF40041034809F09CFC11
:10DEF800BDE8F08100140140000C0140F8B5082588
:10DF08000024094F4FF40056FFF72AFE6400E4B2DC
:10DF18003146384609F082FC2043C4B26B1E13F028
:10DF2800FF05F1D12046F8BD000C0140F8B50746C1
:10DF38000D46164601224FF480711E4809F074FC04
:10DF48001D4C01224FF48041204609F06DFCFFF77B
:10DF580007FE01224FF48041204609F065FCFFF7D7
:10DF6800FFFD00224FF48041204609F05DFCFFF7D9
:10DF7800F7FD3846FFF706FE00224FF480412046A1
:10DF880009F052FC4DB1741E013DADB23544FFF7A6
:10DF9800B5FF04F8010FAC42F9D100224FF48071AB
:10DFA800044809F041FC00224FF40041024809F0FE
:10DFB8003BFCF8BD00140140000C014070B588B06E
:10DFC800E023ADF8183004238DF81B3006A9254846
:10DFD80009F0C7FB244C204609F0AEFE03AE3146DB
:10DFE800204609F0AFFF4FF6FF73ADF8103000255B
:10DFF800ADF80C50ADF81250ADF80E503146204631
:10E0080009F0A0FF2B462A46032120460AF00CF807
:10E01800684609F0E7FF0823ADF80830694620464E
:10E028000AF05CF8012120460AF0FBF801221146AB
:10E03800204609F0EDFFA5840121204609F0DAFF0A
:10E048001E238DF81C3001238DF81D304FF000027F
:10E058008DF81E208DF81F3007A809F0ABFD08B019
:10E0680070BD00BF000C01400008004010B5054C11
:10E0780040F2012120460AF0D4F80121204609F097
:10E08800B9FF10BD000800402DE9F04180460E465A
:10E0980015461F469DF818403C480AF0BFF83C4B0F
:10E0A80018803C4B1B8898421DD01ED21B1A9BB26D
:10E0B800B3F57C5F26D383F47F4C8CF0FF0C631E92
:10E0C800DBB20CFB04F4A4B2C62B98BFA4462B8881
:10E0D8009C441FFA8CFCB44549D8A5F800C02C4BC9
:10E0E8001A882C4B1A80BDE8F081C01A1FFA80FCF0
:10E0F800BCF57C5FE3D98CF47F4383F0FF03012BED
:10E1080038BF0123621ED2B203FB04F4A4B2C62AAC
:10E1180098BF23462A889A4217D3D21A92B2424508
:10E1280001D32A80DBE7012F01D12E80D7E7A5F89C
:10E138000080164C4FF6FF71204609F09DFF2046DF
:10E148000AF06CF8124B1880C9E7012F01D12E8014
:10E15800C5E7A5F800800D4C4FF6FF71204609F081
:10E168008BFF20460AF05AF8094B1880B7E7012FB1
:10E1780002D1A5F80080B2E72E800021034809F0FB
:10E188007BFF034B00221A80A9E700BF000800406C
:10E19800800000207E000020D1B110B584464418CC
:10E1A8000020DFF830E01CF8013B0101C9B25840FB
:10E1B80000091EF800204A401101C9B203F00F03FC
:10E1C80083EA12131EF803004840A445EBD110BDA2
:10E1D80008467047B896010859282FD852281CD8E5
:10E1E800A0F14003DBB2122B5AD84038122857D876
:10E1F800DFE810F0E5007D007400560056007D0051
:10E208007400E500E500E50079007000560056004E
:10E21800560056008B00700082005338C3B20121AB
:10E2280001FA03F313F0150F40F0C78013F04A0FFB
:10E2380054D1012A0CBF1046022070477D2800F0F7
:10E248009B8015D9962832D810F0800F28D080F0FE
:10E258008000012383406049194000293AD15F4971
:10E268001940002943D141F204410B42E1D117E0A2
:10E27800752811D8602813D9A0F16103DBB20121F8
:10E2880001FA03F356490B4224D156490B422ED1C9
:10E2980013F4C85FCDD103E076281BD07A28C8D004
:10E2A800514A137843F0800313700020704700F13F
:10E2B8001003DBB20D2BF3D8012101FA03F342F668
:10E2C80043010B4213D113F4E06F03D113F0A00FF5
:10E2D800AFD1E5E7454B1B78162B72D0002A0CBF4F
:10E2E800012002207047414B1B78162B6BD0022A65
:10E2F8000CBF0120022070473C4B1B78162B64D0C2
:10E30800042A0CBF012002207047384B1B78162BBB
:10E318000FD0802926D01AD806290FD8042903D867
:10E328000139CBB2022B52D8032A0CBF012002209C
:10E338007047002A0CBF012002207047732904D1BE
:10E34800062A0CBF0120022070470220704781294D
:10E358000DD0F02904D1012A0CBF104602207047C5
:10E3680002207047042A0CBF012002207047022AAD
:10E378000CBF0120022070471C4B1B78162B28D09D
:10E38800042913D8DFE801F0030803030D00032A6A
:10E398000CBF012002207047032A8CBF08460220C8
:10E3A8007047032A0CBF0120022070470E4A1378D9
:10E3B80043F080031370002070470120704701204C
:10E3C80070470120704701207047012070470220E4
:10E3D80070470120704700BF1A696000E100010022
:10E3E8002D800F00D20610002C0400202C170020CE
:10E3F800F8B505460F461446131D1E4605F024F9C8
:10E4080000283ED1334A137843F080031370324B0F
:10E418001B78182B05D8314A22FA03F313F0010FA1
:10E428003BD12F4B01221A702B4B1B78162B43D054
:10E43800284B1A782A4B5A70294B9D70DC704CB1C6
:10E4480039463B46274A214413F8010B02F8010FCD
:10E458008B42F9D1224D31462846FFF79DFE2544CF
:10E4680028710134E4B204341F4B1C801F4B002276
:10E478001A801F4B1A70174A137823F02003137061
:10E48800F8BD154B93F82E3013F0010FBFD1114A88
:10E49800137823F080031370B9E70E4A137823F03A
:10E4A8000803137005F096F80128BAD1094A1378C1
:10E4B80043F008031370B4E70E4B1B78084A5370F7
:10E4C80013F0010FB8D00B4A137823F0010313702F
:10E4D800B2E700BF1C0300202C170020800418019D
:10E4E8002003002023030020240400202604002009
:10E4F8001D03002014030020134B1B6813F4007F36
:10E508000AD1114B1B6813F0080F0BD10E4B1B6877
:10E5180013F0040F0FD170470B4A136823F40073EC
:10E528001360EEE7084A136823F008031360074BEB
:10E5380000221A80EAE7044A136823F004031360F0
:10E54800034B00221A80E6E75C1500201603002022
:10E558001803002000B500EB8002374B03EB420C98
:10E56800002300E013463CF8022F3AB38A4206D053
:10E578005A1C042BF6D101339BB2042B25D82F4B00
:10E588009B6813F0040F3BD12D4B1B889BB21BB12A
:10E5980040F2414399420ED1284A136823F400639C
:10E5A8001360284B1B78162B0CBF274A274A137871
:10E5B80043F040031370022828D000BD00EB80020E
:10E5C8001344234A22F81310D9E7214A00EB800CA0
:10E5D80002EB4C03B3F802E022F81CE0B3F804C0E5
:10E5E800A3F802C0B3F806C0A3F804C0B3F808C083
:10E5F800A3F806C000EB800302EB43021181BEE7DB
:10E60800144A137843F002031370D4E70D4B002229
:10E618005A82DA829A829A8393F8212022F00102A0
:10E6280083F82120054B1A6822F480321A601A6890
:10E6380022F400321A60C0E7F20200205C150020C4
:10E64800EC0200202C170020140300201C030020DB
:10E65800F4020020D8020020224B9B8AB3B1224A40
:10E6680002211170214A127802F10A001D4931F87D
:10E678001010B1B1032A27D91C4A002111701C4A75
:10E6880013800EE00132194B1A700AE0174B002272
:10E698001A70144B5B893BB1134A01211170144A5B
:10E6A8001380134B188870470E4B1B882BB10E4AEA
:10E6B800002111700E4A1380F3E70B4B03221A70E6
:10E6C8000B4B00221A80ECE7094B198002F10B036F
:10E6D800044931F81330002BD4D1044B00221A70AE
:10E6E800DFE700BFF4020020F2020020E40200206D
:10E6F800F002002008B59E4B9B6813F0040F78D1F8
:10E708009B4B1B6813F0020F40F0B780994B002217
:10E718001A70974B1B6813F4007F40F0B480944B39
:10E728001A6822F008021A601A6822F004021A60B5
:10E738000023914A13804FF00001904A1170904ACB
:10E7480013808B4B1B6813F0040F40F0A7808C4B91
:10E7580000221A80864B1B6813F0080F40F0A48033
:10E76800854B00221A80854B1A70814B9B6813F0E9
:10E77800040F40F0CE80834B1B7813F0400F40F01D
:10E788007881814B1B8801339BB27F4A1380C72B4A
:10E7980040F27281FFF760FF0246002800F05881BE
:10E7A8007A4B1B889BB2834200F01281784B1B780E
:10E7B800022B00F0B980754B1B889BB2002B40F0F0
:10E7C800F980744B00221A80694B1A6822F400629F
:10E7D8001A609B6813F0040F40F0C3806E4B1B78DF
:10E7E800162B0CBF6D4A674A137843F04003137029
:10E7F80002E101216A4809F011F801280BD0694BA0
:10E8080000221A705A4B9B6813F0080F22D1664BEE
:10E8180000221A7074E7644B00221A70544B9B68EC
:10E8280013F0080F12D15F4A13780133DBB213706B
:10E83800322B7FF665AF4E4A138943F008031381E4
:10E848005A4A137843F00103137059E7554B0022D5
:10E858001A7055E7544A13780133DBB21370322B20
:10E868007FF64EAF424A138923F0080313814F4ABB
:10E87800137823F00103137042E73E4A13780133FB
:10E88800DBB2137045E704F0DFFE00283FF447AF22
:10E8980004F0B4FE00287FF454AF40E7384A1388E8
:10E8A80001339BB2138055E704F0A8FE01280AD073
:10E8B8002F4A136823F0080313602F4B00221A8095
:10E8C8002E4B1A7051E72C4A138801339BB21380E0
:10E8D80013889BB241F6583293427FF646AF264BD7
:10E8E80000221A80324A537843F080035370234A37
:10E8F80013780133DBB213701378072B7FF635AF2B
:10E90800134600221A701A4A136843F4806313608E
:10E918002BE7264B1B7813F0020F40F0AA801A4B06
:10E928001B8801339BB230E71A4B00221A80104B28
:10E938001A6822F400621A609B6813F0040F0AD167
:10E94800154B1B78162B0CBF144A0E4A137843F04C
:10E958004003137050E0154A137843F00203137014
:10E968004AE0124A137843F00203137044E000BFF0
:10E978005C1500201D03002016030020150300204D
:10E98800180300201C030020EA020020EC020020EB
:10E99800F2020020E80200202C17002014030020B7
:10E9A800000801408801002087010020D8020020CB
:10E9B8002C040020314B1B6813F4006F1CD12F4A24
:10E9C800136843F4006313602D4B0F221A8013E081
:10E9D8002A4B1B6813F4006F0ED1284A136843F4BE
:10E9E80000631360274B1B784033DBB2052B244BA5
:10E9F80094BF0F2232221A80204B1B6813F4006F39
:10EA080033D0214A138801339BB213801C4A1288E1
:10EA18009A422AD81C4B00221A80184B9B6813F084
:10EA2800040F0FD1174B1B78162B0CBF174A184A27
:10EA3800137843F040031370104A136823F40063FB
:10EA4800136012E0134A137843F002031370F3E7DC
:10EA58000C4B1B78162B0CBF0C4A0D4A137823F06D
:10EA680040031370084B00221A800B4B00221A80B7
:10EA780002E0094B00221A8008BD00BF5C15002087
:10EA8800E60200202C170020E802002014030020D2
:10EA98001C030020D8020020EA020020184B1B7833
:10EAA800022B17D8012B04D9164A1288B2F5946F95
:10EAB80010D1154903EB830001EB4002B2F802C004
:10EAC80021F810C090885080D08890801089D0801C
:10EAD800002313810D4B9B6813F0040F0AD10C4BD4
:10EAE8001B78162B0CBF0B4A0B4A137823F04003F4
:10EAF80013707047094A137823F0020313707047A4
:10EB0800F2020020F0020020F40200205C15002030
:10EB18002C170020140300201C030020D80200201A
:10EB2800084A02F114031C3233F8021B814204BF65
:10EB3800198823F8021C9342F6D1024B00229A83CB
:10EB4800704700BFF402002008B5574B93F9013015
:10EB5800002B3CDB544B5B7813F0200F3DD1524B1C
:10EB68005B7813F0100F3ED14F4B5B7813F0400FDA
:10EB78003FD14D4B5B7813F0080F40D14A4B5B787F
:10EB880013F0020F41D1484B5B7813F0040F42D1C8
:10EB9800454B1B7813F0080F43D1434B1B7813F0F8
:10EBA800200F49D1404B1B7813F0100F4FD13E4B2B
:10EBB8001B7813F0010F55D13B4B1B7813F0020F54
:10EBC8005BD1394B1B7813F0040F61D108BD4FF4AA
:10EBD80094610220FFF7BEFCBCE740F2B22102209C
:10EBE800FFF7B8FCBBE740F2AB210220FFF7B2FC0D
:10EBF800BAE74FF42D710220FFF7ACFCB9E74FF4E8
:10EC0800DA710220FFF7A6FCB8E74FF4D6710220AC
:10EC1800FFF7A0FCB7E740F2AF110220FFF79AFC1C
:10EC2800B6E74FF4A5710120FFF794FC1E4A13784C
:10EC380023F008031370B0E74FF412710120FFF7B7
:10EC480089FC194A137823F020031370AAE740F2CD
:10EC580047210120FFF77EFC134A137823F01003A5
:10EC68001370A4E74FF4A0710120FFF773FC0E4A5C
:10EC7800137823F0010313709EE74FF4A27101206B
:10EC8800FFF768FC084A137823F00203137098E72B
:10EC98004FF4A3710120FFF75DFC034A137823F0BA
:10ECA8000403137092E700BF2C040020154B03F1F6
:10ECB8000A01002223F8022B1A815A828B42F9D1C9
:10ECC800114A537823F080035370104B1B8813F0BC
:10ECD800400F07D10C4A537823F0200353700128C2
:10ECE80004D070470A4B70221A70F8E7064A537826
:10ECF80023F008035370137803F0D70323F01003AD
:10ED08001370EEE7F40200202C040020101A0020F3
:10ED180089010020024B034A1360034A13607047BD
:10ED2800500D0020480D00204C0D0020044BC31A44
:10ED380040F608029342D4BF01300148704700BF33
:10ED4800500D0020044B1868044B1B68984214BFF0
:10ED580000200120704700BF4C0D0020480D002006
:10ED6800074B1868074B1B68984202D81B1A98B2C1
:10ED78007047C01AC0F500600A3080B2704700BF03
:10ED88004C0D0020480D002038B50546074B1C687F
:10ED98002046FFF7CBFF064B1B68984205D025702D
:10EDA800024C2068FFF7C2FF206038BD480D0020E4
:10EDB8004C0D002010B540F22551424808F016FECF
:10EDC80030B940F226613F4808F010FE80B910BD06
:10EDD8003C4808F007FE044640F22551394808F03F
:10EDE80026FEE0B2FFF7D0FF374B00221A80E8E793
:10EDF80040F22661334808F01AFE344B1B6813F0C2
:10EE0800010F14D10023324A1380324A13802F4B4A
:10EE18001B6813F0200FDAD1002202212E4808F0D7
:10EE280003FD2A4A136843F020031360CFE7284BF9
:10EE38001B88284A12889A420FD9244A926812F0ED
:10EE4800040F14BF254A264AD15C1E4808F0C6FDA7
:10EE58001F4A138801331380B9E700231C4A138023
:10EE68001C4A1380194B1A6822F001021A601B68A9
:10EE780013F4007F1AD100220221174808F0D4FCAD
:10EE8800124B1A6842F020021A601B6813F4807F44
:10EE98009DD0012004F0C0FB0C4B1A6842F08002A0
:10EEA8001A601A6822F480721A6090E7074B1B6890
:10EEB80013F0800FDFD1054A136843F00403136091
:10EEC800D9E700BF00440040180300205C1500206B
:10EED800260400202404002000080140CC01002062
:10EEE8002003002010B5084B1868084B1B688342A4
:10EEF80007D003781C46FFF719FF034B186020461C
:10EF080010BD00231C46FAE74C0D0020480D0020D8
:10EF1800024B034A1360034A136070473C05002004
:10EF2800340500203805002008B5FFF7F3FEFFF789
:10EF3800EFFF00234FF0000228490B8028490A7090
:10EF480028490B8028490A7028490B8028490B80DA
:10EF580028490A70284A1360284B03F10A01002245
:10EF680023F8022B1A815A828B42F9D10022244BB2
:10EF78001A70244B1A80244B1A70244B1A80244B85
:10EF88001A80244B1A803220234B18804FF000013E
:10EF9800224B1970184B196841F040011960196823
:10EFA80041F020011960198921F00401198119899A
:10EFB80021F0080119811A4B18810221194808F01B
:10EFC80033FC194A931E3A32002123F8021F934258
:10EFD800FBD1164B00221A7008BD00BF2604002082
:10EFE8001D030020240400201C0300201803002017
:10EFF80016030020150300205C150020F4020020F1
:10F00800F2020020F0020020EE020020EC020020B4
:10F01800EA020020E8020020E6020020E4020020C4
:10F02800E0160020000801408C0100208A01002021
:10F0380070B586B026238DF8043000248DF805407D
:10F048008DF806408DF8074001AE304608F0B2FD55
:10F05800174D284608F0EEFBFFF766FF4FF41653EE
:10F068000293ADF80C40ADF80E40ADF81040ADF885
:10F0780014400C23ADF8123002A9284608F02CFCE5
:10F08800012240F22551284608F08EFC012240F268
:10F098002661284608F088FC0121284608F076FCFD
:10F0A80001238DF80730304608F084FD06B070BDA6
:10F0B8000044004070B586B026238DF80430002443
:10F0C8008DF805408DF806408DF8074001AE3046B2
:10F0D80008F070FD1A4D284608F0ACFBFFF724FF36
:10F0E800184A138943F0040313814FF4E133029360
:10F0F800ADF80C40ADF80E40ADF81040ADF8144036
:10F108000C23ADF8123002A9284608F0E5FB0122CD
:10F1180040F22551284608F047FC012240F22661BA
:10F12800284608F041FC0121284608F02FFC01235D
:10F138008DF80730304608F03DFD06B070BD00BFC1
:10F14800004400405C150020802849D8002844D09D
:10F1580001387F2842D8DFE800F054545E54545EEA
:10F168005954635E545E5E6F685963414141414141
:10F178004141414141414141415454414141414151
:10F188004141414141414141414141414141414167
:10F198004141414141414141414141414141414157
:10F1A8004141414141414141414141414141414147
:10F1B8004141414141414141414141414141414137
:10F1C8004141414141414141414141414141414127
:10F1D80041414141414141414159704700207047F7
:10F1E8007F30C0B2072829D80123834013F0AA0F23
:10F1F80007D113F0540F1DD13C290CBF0120022068
:10F20800704700290CBF01200220704701290CBF5C
:10F2180008460220704702290CBF012002207047CF
:10F2280004290CBF0120022070470A290CBF0120C5
:10F238000220704701207047012070470020704766
:10F2480070B506468C461446911D1D4A4AF655234C
:10F2580013801C481C4DB5F806E0BEF14F0F8CBF5B
:10F268004FF0000E4FF0010E03786EF3C3034FF01A
:10F27800010E6EF38713037093702B7903EB0E0066
:10F288002871D3701671547144B163460532A44491
:10F2980013F8010B02F8010F6345F9D1084D284610
:10F2A800FEF77AFF2544A8710134E4B20634074B0F
:10F2B8001C80074B00221A80064B1A7070BD00BFD5
:10F2C800CC010020D8020020E016002024040020F1
:10F2D800260400201D0300202DE9F0410446A34D1B
:10F2E8002B780370FFF7B8F9000A6070FFF7B4F9DC
:10F2F800A0702B78012B00F08D80032B00F0B880D4
:10F30800002B40F0B980AA89E2702A8A2271EA8823
:10F31800120A6271EB88A371954D2B78E371002274
:10F328000121104607F0A0FA000A207200220121EC
:10F33800104607F099FA607200220221104607F081
:10F3480093FA000AA07200220221104607F08CFAF4
:10F35800E0726E88874B1B88B34202D9854B002226
:10F368001A80844B1F88FBB29846F61AF6B22673A9
:10F378001FFA83FC63466644B445A8BF0D223EDAF3
:10F388000CF1010120460D22794DA7EB0C0705EB86
:10F39800430EBEF804C04FEA1C2C80F80DC0BEF81E
:10F3A80004C080F80EC002F1030C5FFA8CFC03F570
:10F3B800807305EB4303B3F802E04FEA1E2E80F892
:10F3C8000FE00432D2B25B8804F80C30CB191FFA74
:10F3D80083FE0B46B1420FDA01F1010C1FFA8CFCD7
:10F3E8000430FD2A01D06146D1E7624BA3F800E062
:10F3F8004346C91A217202E05E4BA3F800E05B495C
:10F40800CB8B1B0AA354901CC0B20132D2B2CB8B57
:10F41800A35467E0554A138A1B0AE370138A2371C1
:10F42800554B1B7813F008021CD050490A8B120A5E
:10F4380062710A7EA27113F0100316D04B4A538BE7
:10F448001B0AE371937E2372484BDA88110A6172B2
:10F45800A2729A89E272DA8B120A2273DB8B6373C7
:10F468000E203FE000216171E4E70022E271EAE743
:10F47800424B1B78042B37D03F4B1B7813F001020B
:10F488006ED03A49CA89120AE2708A7B22713749DA
:10F498000A8A120A62710A8AA27113F0020362D000
:10F4A8004B8A1B0AE3718B7C2372304BDA88110A72
:10F4B8006172A2729A8B120AE2729A8B2273DA8BA9
:10F4C800120A6273DA8BA2731A8C120AE2731A8C0C
:10F4D80022745A8C120A62745A8CA27493F82430DB
:10F4E800E3741420BDE8F081204A138A1B0AE370F4
:10F4F800138A2371214BB3F8AA300BB192F8283044
:10F5080063711A4D2B8C1B0AA3712B8CE371AB8B87
:10F518001B0A2372AB8B6372184BB3F8B420120A20
:10F52800A272B3F8B420E27293F84B22227393F8D4
:10F538004A22627393F84922A27393F84822E2732D
:10F5480093F84B0205F022FAC0F307432374C0F383
:10F5580007236374A07495F82430E3741420C1E77A
:10F568000021E17092E70022E2719DE7E016002099
:10F57800281F002082000020DC1600202C17002005
:10F5880070B582B005460023DC4A1370ADF804302C
:10F59800ADF80630DA4B1E6874792146FFF7D4FDC2
:10F5A800012809D0D54B1D7090250122D349284642
:10F5B800FFF746FE02B070BD024696F806C0012C61
:10F5C80040F258838DF805C0F3798DF80430032C88
:10F5D80005D9337A8DF80730737A8DF806306B1EAB
:10F5E800872B00F2138101A151F823F019F80008C4
:10F5F80075F800081DF9000881F8000815F80008DA
:10F6080039F90008D9F800089BF800085DF90008E6
:10F6180089F9000897F90008A9F90008ADF9000868
:10F62800F7F9000831FC000801FC000871FA00082D
:10F6380015F8000815F8000815F8000815F800086E
:10F6480015F8000815F8000815F8000815F800085E
:10F6580015F8000815F8000815F8000815F800084E
:10F6680015F8000815F80008B9F80008CFF80008E0
:10F6780015F8000815F8000815F8000815F800082E
:10F6880015F8000815F8000815F8000815F800081E
:10F6980015F8000815F8000815F8000815F800080E
:10F6A80015F8000815F8000815F8000815F80008FE
:10F6B80015F8000815F8000815F8000815F80008EE
:10F6C80015F8000815F8000815F8000815F80008DE
:10F6D80015F8000815F8000815F8000815F80008CE
:10F6E80015F8000815F8000815F8000815F80008BE
:10F6F80015F8000815F8000815F8000815F80008AE
:10F7080015F8000815F8000815F8000815F800089D
:10F7180015F8000815F8000815F8000815F800088D
:10F7280015F8000815F8000815F8000815F800087D
:10F7380015F8000815F8000815F8000815F800086D
:10F7480015F8000815F8000815F8000815F800085D
:10F7580015F8000815F8000815F8000815F800084D
:10F7680015F8000815F8000815F8000815F800083D
:10F7780015F8000815F8000815F8000815F800082D
:10F7880015F8000815F8000815F8000815F800081D
:10F7980015F8000815F8000815F8000815F800080D
:10F7A80015F8000815F8000815F8000815F80008FD
:10F7B80015F8000815F8000815F8000815F80008ED
:10F7C80015F8000815F8000815F8000815F80008DD
:10F7D80015F8000815F8000815F8000815F80008CD
:10F7E80015F8000815F80008B5F5000815F8000820
:10F7F800BBF900089FFA0008E3FA00082BFB000891
:10F808002FFB000845FB000889FB00080022CDE615
:10F818003C4B1978394B19703B48007858700020D8
:10F8280098700120D870022905D0FD2914D051B153
:10F8380015460422BAE6314B012199700221D9708C
:10F8480015460422B2E62D4B02211970012098704A
:10F85800D97015460422A9E6284B03211970022104
:10F8680099700521D970154604229FE62348FFF7B1
:10F8780033FD0246022599E6244A537803F0E9034A
:10F8880023F0400353700120FFF710FA04250022EB
:10F898008CE61D4B998ADA8A184BC1F30720187039
:10F8A8005970C2F307219970DA70082504227DE6A1
:10F8B800FEF7D2FE114C030A2370FEF7CDFE6070EE
:10F8C8002025022272E6FFF7E9F8212500226DE6DD
:10F8D8000F490B8801330B80BCF1FF0F08D0BCF136
:10F8E800000F40F0BF81054B0121197007255DE627
:10F8F800054B5978014B1970072557E688000020F9
:10F90800D40200202C170020E01600202C04002030
:10F9180084000020BDF80430312B03D9AA4A138192
:10F92800002243E6A84B32221A81032500223DE635
:10F93800BDF80430A44A53814EF6602202FB03F35B
:10F94800A24A1360A24A138843F4806313800625F1
:10F9580000222BE69C4CBDF80430A382BDF806308B
:10F96800E38204F1140202213420FEF793FA04F131
:10F97800160202213620FEF78DFA0925002215E627
:10F98800944BBDF804201A800A2500220EE6914BFC
:10F998001988914BC1F30720187059700B2505E69B
:10F9A8000C2503E6884BBDF80420DA840D250022D7
:10F9B800FCE58A49884A00230DE0012811D0022875
:10F9C8000CBF11F8020C11F8040C1070013301314E
:10F9D80001323C2B08D013F00300EED18878107068
:10F9E800F4E708781070F1E782253C22DEE57A4BCF
:10F9F80083F800C000225A709A70BCF1020F0ED032
:10FA0800BCF1030F05D0BCF1010F1AD00E2503225B
:10FA1800CCE5714BFA229A7062460E25C6E5704B0A
:10FA28001C786D4B9C7044B16E4B6F4AE01813F80C
:10FA3800011B02F8011F8342F9D1E21CD2B20E2544
:10FA4800B4E5317A664B197041B10836654B3144DB
:10FA580016F8012F03F8012B8E42F9D1012003F08B
:10FA68001FFE0E250322A1E5727A604B83F8482217
:10FA7800327A83F84922F27983F84A22B27983F8F4
:10FA88004B22D3F8480204F095FF4F4B83F824002B
:10FA9800112500228AE5554B83F8B6C04FEA8C0041
:10FAA800BCF1000F00F0E080C82828BFC820002261
:10FAB800F17983F8B710317A83F8B810717A83F83E
:10FAC800B910B17A83F8BA1004320436043391B20B
:10FAD8008842EDD88325002268E5444B93F8B63078
:10FAE800B3B91523414A82F8B63054243A4A137000
:10FAF8003F4A394B601E80B2591C084412F8011F56
:10FB080003F8011F8342F9D1621CD2B284254DE566
:10FB1800364B93F8B630304A13709C00002BE7D16F
:10FB2800F2E7852542E52C4A531E0E32002103F8E0
:10FB3800011F9342FBD186250F2237E52B4B83F813
:10FB48007FC14FEA8C00BCF1000F00F09080C828FC
:10FB580028BFC8200022F17983F88011317A83F810
:10FB68008111717A83F88211B17A83F88311043292
:10FB78000436043391B28842EDD88725002215E572
:10FB88001A4B93F87F31B3B90723184A82F87F31AB
:10FB98001C24114A1370174A0F4B601E80B2591C5F
:10FBA800084412F8011F03F8011F8342F9D1621CAF
:10FBB800D2B28825FAE40D4B93F87F31064A1370C8
:10FBC8009C00002BE7D1F2E7E0160020D0160020B9
:10FBD800101A0020DC160020880000203598010843
:10FBE800CF160020D41500208A0000202C170020F2
:10FBF800E2170020AB180020BCF1190F28BF4FF006
:10FC0800190CA84B83F824C0A74BD3F84822A7495E
:10FC180051F82C1061F31702C3F84822042283F824
:10FC28004B2210250022C1E4A14B83F800C0BCF18F
:10FC3800010F0DD09B4800F128039D4A303013F87E
:10FC4800011F02F8011F8342F9D10F250A22ADE4F2
:10FC5800B31D984A0E3613F8011F02F8011FB3426C
:10FC6800F9D1E7E70725A1E4832562469EE48725C5
:10FC780062469BE46B1E872B3FF6C8AD01A151F885
:10FC880023F000BF19F8000875F800082DF90008DE
:10FC980081F8000815F8000839F90008D9F80008B3
:10FCA8009BF800085DF9000889F9000897F9000831
:10FCB800A9F90008ADF90008F7F9000831FC0008B7
:10FCC80001FC000871FA000815F8000815F800088A
:10FCD80015F8000815F8000815F8000815F80008C8
:10FCE80015F8000815F8000815F8000815F80008B8
:10FCF80015F8000815F8000815F8000815F80008A8
:10FD0800B9F80008CFF8000815F8000815F8000839
:10FD180015F8000815F8000815F8000815F8000887
:10FD280015F8000815F8000815F8000815F8000877
:10FD380015F8000815F8000815F8000815F8000867
:10FD480015F8000815F8000815F8000815F8000857
:10FD580015F8000815F8000815F8000815F8000847
:10FD680015F8000815F8000815F8000815F8000837
:10FD780015F8000815F8000815F8000815F8000827
:10FD880015F8000815F8000815F8000815F8000817
:10FD980015F8000815F8000815F8000815F8000807
:10FDA80015F8000815F8000815F8000815F80008F7
:10FDB80015F8000815F8000815F8000815F80008E7
:10FDC80015F8000815F8000815F8000815F80008D7
:10FDD80015F8000815F8000815F8000815F80008C7
:10FDE80015F8000815F8000815F8000815F80008B7
:10FDF80015F8000815F8000815F8000815F80008A7
:10FE080015F8000815F8000815F8000815F8000896
:10FE180015F8000815F8000815F8000815F8000886
:10FE280015F8000815F8000815F8000815F8000876
:10FE380015F8000815F8000815F8000815F8000866
:10FE480015F8000815F8000815F8000815F8000856
:10FE580015F8000815F8000815F8000815F8000846
:10FE680015F8000815F8000815F8000815F8000836
:10FE780015F8000815F8000815F8000815F8000826
:10FE8800B5F5000815F80008BBF900089FFA000846
:10FE9800E3FA00082BFB00082FFB000845FB0008CD
:10FEA80089FB0008E01600202C170020CC970108D9
:10FEB8008800002008170020024A138801331380A5
:10FEC800704700BFCA010020044B1B88834238BF1B
:10FED80003F1FF33181A80B2704700BFCA0100202F
:10FEE800F0B5C1B0794B9B6813F0080F7FD1774B01
:10FEF8001B6813F0020F40F0C480FEF723FF0028B0
:10FF080040F0C380FEF72CFF062840F2BE80704BFD
:10FF18001B681A461E466F4B1A6012884AF655230C
:10FF28009A4240F09780FEF71BFF72791746931D9F
:10FF3800984240F3AA80B01D62B1711D0C46531E51
:10FF48009BB203441D46037804F8013FFEF7EEFE1A
:10FF5800AC42F8D10478B91D3046FEF71DF9A0422D
:10FF680040F08180594B1A6822F004021A601A681E
:10FF780022F008021A60002257490A7057490A807D
:10FF880057490A801A6842F400721A601A6822F403
:10FF980080621A60534B93F90130002B5DDB4B4BA9
:10FFA8001B6813F0400F04D1484A136843F0080354
:10FFB80013603079FFF7E4FA3B460D331D46002302
:10FFC8001C46FEF78FFF234601331C469D42F8D19D
:10FFD8003E4B1A6842F002021A601A68C2F3001215
:10FFE80082F00102196862F3041119604DE03E4B7A
:08FFF8001888FFF769FF3D4B7B
:020000040801F1
:100000001B89834245D83C4B1A88394B1A80684675
:10001000FFF766F9024669461220FFF715F92D4AE7
:10002000136823F002031360136843F001031446BE
:10003000136001220221314807F0FAFB236823F004
:10004000200323602E4B00221A702E4B01221A80AF
:100050002D4B19782D4807F0C5FC1AE0FEF746FF36
:1000600017E0224A537823F0800353709BE7FEF792
:100070003DFFFEF73BFF174B1A6822F002021A60A1
:100080001A6822F001021A6003E01D4B1B78052B51
:1000900001D841B0F0BD0F4A136823F0020313608A
:1000A000136843F001031446136001220221134830
:1000B00007F0BEFB236823F020032360104B0022CF
:1000C0001A70104B01221A800F4B19780F4807F055
:1000D00089FCDEE75C1500204C0D0020D4020020D6
:1000E0001503002018030020160300202C04002014
:1000F000C8010020E0160020CA01002000080140CD
:100100001D03002026040020CC01002000440040F4
:1001100001EB002189B2144B93F800C0BCF1000F31
:100120001AD0124A00231088884212D002320133BA
:10013000DBB26345F7D10D4B23F81C100CF1010C19
:100140005FFA8CFCBCF11D0F0AD9074B1D221A70F7
:1001500070479C45EFD97047044B19804FF0010C54
:10016000014B83F800C070478A0100208C010020F9
:10017000F0B5C1B0044600228DF800202C4B1E794A
:100180007D2805D020D98A2802D0F52841F0BF84E7
:10019000274BDA7831462046FEF722F8012850D066
:1001A0000025244B93F90030002BC1F28A84214BA7
:1001B0005B7813F0010F41F099842A466946204686
:1001C000FEF71AF941B0F0BD5028E1D07A2841F08D
:1001D0009E84174BDA783146FEF702F8012841F089
:1001E000A384134A15794FF0000365F30F23517967
:1001F00061F30703104A128812F0400F00F0DA840E
:100200000E4A1278702A00F0C681F72A2ED1F72CF8
:1002100040F0C181284603F023FA074B1B8813F0F6
:10022000400F40F037860025044B1D70B9E700BF32
:10023000300400202C040020101A00208901002026
:100240000026E94B1B6813F0400F40F09381E74A0A
:1002500015794FF0000365F30F23517961F307031C
:10026000E34A128812F0400F40F08F81A4F140025F
:10027000BD2A00F2998101A050F822F09B170108D5
:10028000B3170108BF170108A9050108A90501084E
:10029000031A01081D1A0108D7170108D31801080D
:1002A000E9190108CB110108B5110108A9050108D8
:1002B000A9050108A9050108A90501085D090108AA
:1002C0007F130108FF1401085515010813160108D2
:1002D000431A01085D160108751601081717010871
:1002E000B9160108A9050108A9050108A905010811
:1002F000A9050108A9050108A9050108A905010822
:10030000B50F0108E30F01086F0701082710010866
:10031000150D0108110C0108310C0108C90701086D
:10032000D107010837080108D90701083F0801086B
:10033000270C01083B0C0108A9050108AD050108BF
:10034000A9050108C505010815060108450C0108A5
:10035000530901080D060108A9050108A9050108AE
:10036000A9050108B50B010859110108A9050108E3
:100370002D120108A9050108A9050108630C01084F
:100380006D0C01087F100108DD100108ED10010857
:100390001F0D01084B090108290D0108330D010843
:1003A000A9050108410D0108330E0108670E010877
:1003B0006311010887110108A9050108F70E01085A
:1003C000030F0108A9050108A9050108A9050108ED
:1003D000130F0108230F0108A9050108A905010849
:1003E000A9050108A9050108A9050108A905010831
:1003F000A9050108A9050108A9050108A905010821
:10040000A9050108A9050108A9050108A905010810
:10041000A9050108A9050108A9050108A905010800
:10042000A9050108A9050108A9050108A9050108F0
:10043000A9050108A9050108A9050108A9050108E0
:10044000A9050108A9050108A9050108A9050108D0
:10045000A9050108A9050108A9050108A9050108C0
:10046000A9050108A9050108A9050108A9050108B0
:10047000A9050108A9050108A9050108A9050108A0
:10048000A9050108A9050108A9050108A905010890
:10049000A9050108A9050108A9050108A905010880
:1004A000A9050108A9050108A9050108A905010870
:1004B000A9050108A9050108A9050108A905010860
:1004C000A9050108A9050108A9050108A905010850
:1004D000A9050108A9050108A9050108A905010840
:1004E000A9050108A9050108A9050108A905010830
:1004F000A9050108A9050108A9050108A905010820
:10050000A9050108A9050108A9050108A90501080F
:10051000A9050108A9050108A9050108A9050108FF
:10052000A9050108A9050108A9050108A9050108EF
:10053000A9050108A9050108A9050108730E01080C
:100540008B0E0108A9050108A9050108A9050108E4
:10055000830C0108D70C010815020108CB0E010815
:10056000E10E0108EB0C0108010D01080B0D01085B
:10057000590C010803F046F801287FF468AE1A4AC6
:10058000136823F04003136061E61A4A1278702A58
:100590007FF43BAE3BE61848427842F020024270BE
:1005A000144A0020107061E60025FAE5124A5378DB
:1005B00003F0E90323F0400353700020FEF77AFBB9
:1005C0000025EEE5FEF74CF8C0F307228DF8002079
:1005D0008DF80100094B1A78094B1A70094B1A88DB
:1005E000094B1A800225DCE55C1500203004002050
:1005F000101A0020890100202C040020F2020020A3
:10060000EE020020F0020020EC020020FEF74AFA81
:100610000025C6E57E4B1B788DF80030212B38D99C
:10062000A02B40F29F80A13B5E2B00F29B80DFE875
:1006300003F0949494999999999999999999999978
:10064000999999999999999999999999999999991A
:1006500099999962679976996C71949999999999F0
:1006600099999999999999999999999999999999FA
:1006700099999999999999999999999999999999EA
:100680009994949499999999999999999999995A28
:100690004D00062B66D9073B1A2B63D8DFE803F021
:1006A000446262494E626262626262625362621EC8
:1006B000586262620E620E5D5D5D5D00FF228DF824
:1006C000002000228DF8012002256AE50B228DF81A
:1006D000002004228DF80120022562E516238DF802
:1006E000013002255DE504228DF8002001228DF8FD
:1006F0000120022555E50A238DF80130022550E539
:1007000064238DF8013002254BE56C238DF8013010
:10071000022546E564238DF80130022541E50323D7
:100720008DF8013002253CE567238DF80130022564
:1007300037E568238DF80130022532E50D238DF869
:10074000013002252DE505238DF80130022528E52D
:1007500003238DF80130022523E501238DF80130B4
:1007600002251EE504238DF80130022519E52849EC
:10077000B1F84420134609780B290BD01D291FD04E
:10078000072911D0C3F307218DF800108DF801302F
:10079000022506E502EB4202D2001E4981FB02124D
:1007A00092101B49CA84EDE7194989780129E9D1DA
:1007B000120105320A2192FBF1F21549CA84E1E7E0
:1007C000134BB3F8AA30DDE7114AD3800025E8E4E3
:1007D0000F4B1D710025E4E49AB20D498B83097813
:1007E0000B291BD00A4B1B6803F0FF130A498B42ED
:1007F00018BF00257FF4D5AC0549A1F844201301AA
:1008000005330A2293FBF2F3CB840025C9E400BF31
:100810002C1700206766666607000100AE49A1F844
:10082000443002EB4203DB00AC4A82FB03239B1003
:10083000CB840025B5E4A84A53810025B1E4A64A3B
:100840009570A7490B8843F480430B8013781B2BCA
:100850001FD80A2B11D8082B4DD00A2B55D0072BA7
:1008600009D1012D41F200819E4A537843F01003D3
:100870005370002595E4002593E401229A409A499B
:100880000A424ED112F08C7F2BD11B2B53D0002566
:1008900087E4212B0CD81D2B98BF00257FF681AC57
:1008A0001E3B032B01F2D080DFE803F03B2F3B1B04
:1008B000C92B10D8BF2B04D85F33DBB2022B01F257
:1008C000C680042D01F0DC80864A537843F0100383
:1008D0005370002565E41033DBB2022BF1D90025FB
:1008E0005FE4002D3FF45DAC7E4A537843F0100383
:1008F0005370002555E4032D01F0B980794A5378EF
:1009000043F01003537000254BE4AB1EDBB2012B08
:1009100041F2B080734A537843F0100353700025BE
:100920003FE4052D01F0A9806E4A537843F010038F
:100930005370002535E4072D01F0A580694A5378EE
:1009400043F01003537000252BE4634A1381002504
:1009500027E44E228DF80020012522E45E4A127819
:10096000162A11D08DF80060062E20D8002E01F036
:100970008D80731E052B17D8DFE813F04F008B080E
:100980005800A20063006E0001228DF8012016219C
:100990008DF8021000208DF803008DF804108DF8FA
:1009A00005200625FFF7FDBB0025FFF7FABB812ECA
:1009B00000F0EC801ED8732E00F09C80802E16D1A3
:1009C0004A4A907960F30F23D27962F307034A1EF3
:1009D000D2B2032A00F2D4803F4A02EB4102A2F8CD
:1009E000503200228DF801200225FFF7DABB0025E6
:1009F000FFF7D7BBF02E0DD11B2A00F0B1801D2AC6
:100A000000F0AE80374A137843F08003137000255E
:100A1000FFF7C7BB0025FFF7C4BB08228DF80120F4
:100A200000228DF802200325FFF7BBBB8DF8015093
:100A30008DF802108DF803508DF804100525FFF78E
:100A4000B0BB8DF801508DF802108DF803508DF871
:100A500004103546FFF7A5BB00218DF801108DF875
:100A600002108DF803108DF804108DF805108DF824
:100A700006108DF807108DF80810A32A04D8A02AB4
:100A800008D80925FFF78DBB02F11003DBB2012B5B
:100A900001F20280164B01221A8040F29A225A80FB
:100AA00000228DF801204FF001028DF80220022271
:100AB0008DF803209A228DF804200925FFF771BBD9
:100AC0008DF801508DF802108DF803508DF8041048
:100AD0000525FFF766BB00BF2C170020676666661A
:100AE000101A00202C04002000088002300400208E
:100AF000DC020020002061F30700BC4B9A7962F30E
:100B00000F20DA7962F317401A7A62F31F6000212E
:100B10008DF801105D7A8DF80250FDB10DF10201E2
:100B2000002300F1784E9AB20EEB030CBCF5003FA7
:100B30000BD210F803C001F801CF01331FFA83FC78
:100B40006545F0D8013292B204E002208DF8010030
:100B50008DF802300332D5B2FFF723BB2A46F9E7FE
:100B600001218DF801108DF8022000228DF803205C
:100B70008DF8041003228DF805200625FFF711BB20
:100B800001238DF801300225FFF70BBB4B1EDBB2B2
:100B9000032B974B9ABF03EB4103B3F85032B3F8E2
:100BA0005232C3F307218DF801108DF8023003256E
:100BB000FFF7F7BA02F012FD01280ED08D4A137824
:100BC00043F0800313708C4A136843F040031360B2
:100BD000FDF796FC0125FFF7E4BA844B1B79FF2B48
:100BE00008D0002BEFD1184602F01AFD01228DF833
:100BF0000020E8E7804B1B6813F0400FE3D17E4AEA
:100C0000136843F48073136001228DF80020DAE743
:100C1000774AD17F8DF8001092F820208DF80120BE
:100C20000225FFF7BEBA724BDD700025FFF7B9BA97
:100C30006F4AD3820025FFF7B4BA6D4B1D740025AF
:100C4000FFF7AFBA6A4A92F82E3043F0010382F8F8
:100C50002E300025FFF7A5BA654A13860025FFF759
:100C6000A0BA634A93860025FFF79BBA604B5A8E61
:100C7000C2F307218DF800108DF801200225FFF73F
:100C800090BA012D0AD0FF2D12D0DDB1594A537808
:100C900043F0010353700025FFF783BA544A92F8DA
:100CA0002E3043F0020382F82E300025FFF779BA88
:100CB0004F4A92F82E3043F0040382F82E3000257C
:100CC000FFF76FBA4A4A92F82E3043F0080382F8D1
:100CD0002E30FFF766BA464A92F82E5015F01005EE
:100CE00040F0DD865383FFF75CBA414BDA8FC2F3E5
:100CF00006218DF800108DF801200225FFF751BA6A
:100D00003B4AD3860025FFF74CBA394AD3860025E3
:100D1000FFF747BA364A53820025FFF742BA344AF2
:100D200093820025FFF73DBA314A93810025FFF7F2
:100D300038BA2F4B9B7F8DF801300225FFF731BA6F
:100D4000B12D6ED89F2D16D9A03D112D69D8DFE8A1
:100D500015F0240033004000550068006200680070
:100D60006800680068006800680068006800680043
:100D70006800A906A9064DB1012D52D11E4A13687B
:100D800043F4003313600025FFF70BBA1A4A1368C7
:100D900043F480331360FFF704BA154A92F8213008
:100DA00023F0200323F0040382F82130012002F015
:100DB00067FC0025FFF7F5B90D4A92F8213043F0A2
:100DC000240382F82130012002F05AFC0025FFF7AD
:100DD000E8B9074A92F8213043F0040382F8213041
:100DE000012002F04DFC0025FFF7DBB930040020A4
:100DF0002C1700202C0400205C150020C34A92F818
:100E0000213043F0200382F82130012002F038FC29
:100E10000025FFF7C6B9BE4B01225A600025FFF737
:100E2000C0B9BC4A537843F0010353700025FFF763
:100E3000B8B9B64B1B78172B09D0192B07D0B34B79
:100E400093F821208DF800200125FFF7AAB9AF4AB9
:100E500092F823108DF8001092F821208DF80120CF
:100E60000225FFF79EB9A94B83F822500025FFF712
:100E700098B9A64A1383928FC2F306218DF8001009
:100E80008DF801200225FFF78CB9A04A13830025B5
:100E9000FFF787B96DB9A04B1B78702B04D00025E4
:100EA0009D4B1D70FFF77DB99B4BF7221A70FFF722
:100EB00078B9012DF3D1984B1B78F72BEFD1964BD6
:100EC000AA221A700025FFF76CB9904B9A8FC2F3D3
:100ED00006218DF800108DF801200225FFF761B979
:100EE0008A4B9A8FC2F306218DF800108DF80120ED
:100EF0000225FFF756B9854AA2F840300025FFF7D2
:100F000050B9824B93F842208DF800200125FFF75D
:100F100048B97E4B93F83A208DF800200125FFF761
:100F200040B97A4B1B78162B16D000228DF8012081
:100F30008DF802208DF803208DF80420DC218DF837
:100F400005108DF806208DF807108DF808208DF813
:100F500009200A25FFF725B96C4BB3F85E3223B997
:100F60006A4B4FF47A72A3F85E22684BB3F85E22A4
:100F7000C2F307218DF800108DF8012000228DF8B2
:100F800002208DF803208DF804208DF805208DF8BF
:100F900006208DF807208DF808208DF809208DF89F
:100FA0000A208DF80B208DF80C208DF80D200E25D1
:100FB000FFF7F7B8554B0022A3F84C221B781D2BE6
:100FC00002D00025FFF7EDB8504B012283F8B22084
:100FD000524A1288A3F84E22A3F84C220025FFF7AC
:100FE000E0B899B2494AA2F84C3213781D2B02D0CE
:100FF0000025FFF7D6B845F2EE7399420CD9134697
:1010000045F2EE72A3F84C22404BB3F84C22A3F801
:101010004E220025FFF7C5B81D29F5D83B4B1E22EF
:10102000A3F84C22F0E7394B1B781D2B0BD0374B24
:10103000B3F84E22C2F307218DF800108DF801207D
:101040000225FFF7AEB8314B93F8B230192B0FD908
:101050002E4B192283F8B2202C4B93F8B220013A80
:101060002E4931F81220A3F84E22A3F84C22DEE7D5
:10107000002BF1D1254B012283F8B220ECE7112D92
:1010800020D0802D10D0012D40F00F851F4A92F8FE
:10109000513243F0010303F0FD0323F0040382F80F
:1010A00051320025FFF77DB8184A92F8513203F00B
:1010B000FE0343F0020323F0040382F851320025BB
:1010C000FFF76FB8114A92F8513203F0FC0343F076
:1010D000040382F851320025FFF763B80B4B93F8F5
:1010E00050228DF800200125FFF75BB8074B1B78D5
:1010F0001D2B15D0054BB3F84E22C2F307218DF8F6
:1011000000108DF801200225FFF74BB82C170020A6
:101110005C1500202C04002089010020989701080C
:101120009F4B93F8B230192B0FD99D4B192283F89E
:10113000B2209B4B93F8B220013A9A4931F8122021
:10114000A3F84E22A3F84C22D4E7002BF1D1944B04
:10115000012283F8B220ECE7914AD3810025FFF702
:1011600020B88F4B93F8213013F0010F8C4B14BF34
:101170001A8D5A8DC2F307218DF800108DF80120C9
:101180000225FFF70EB8864B1B781D2B0BD0844A27
:10119000D38A9385C3F307218DF800108DF80130B1
:1011A0000225FEF7FEBF7E4B9B8D7F4AA2FB0323E9
:1011B000DB08EFE77A4BDA8CC2F307218DF80010D9
:1011C0008DF801200225FEF7ECBF754A1278162A29
:1011D00005D0734A9384D3840025FEF7E2BF734B96
:1011E0001B7813F0030F12D06D4B0DF1010203F1C8
:1011F000220093F8A31202F8011C93F8A21202F83D
:10120000021B02339842F4D12225FEF7CABF002206
:101210008DF80120624A92F8C3128DF8021092F8FC
:10122000C2228DF803200425FEF7BBBF5C4B1B7860
:10123000162B10D08DF8006000228DF801208DF85B
:101240000220022E74D0032E6CD0012E00F0838079
:101250000325FEF7A6BF8DF8006000228DF801205F
:101260008DF80220731E052B00F22284DFE813F0B4
:1012700006001F0020042004300049004C4B9B79DD
:10128000222B0ED8002B00F016844A494A4A1344F8
:1012900011F8010F02F8010B9A42F9D10325FEF76C
:1012A00080BF02238DF801300325FEF77ABF232388
:1012B0008DF802304048431E0DF10202223013F82F
:1012C000011F02F8011F8342F9D12625FEF769BFED
:1012D000374B9B79222B0ED8002B00F0EF8335493A
:1012E000364A134411F8010F02F8010B9A42F9D162
:1012F0000325FEF756BF02238DF801300325FEF7C4
:1013000050BF23238DF802302C48431E0DF10202FA
:10131000223013F8011F02F8011F8342F9D126255C
:10132000FEF73FBFFA238DF802303546FEF739BF8E
:10133000234B18788DF8020048B1224B0DF10202C0
:10134000C51813F8011B02F8011FAB42F9D1033095
:10135000C5B2FEF726BF164B9979194B197041B1EA
:10136000144A184B194412F8010F03F8010B8B4271
:10137000F9D1012002F098F90325FEF712BF084BBE
:101380001B781B2B22D01D2B00F08080162B6CD0DD
:101390000D4A137843F0800313700025FEF701BF58
:1013A0002C17002098970108CDCCCCCC140300203A
:1013B0003004002036040020B01500208C150020D9
:1013C000CF160020D41500202C0400201B238DF8FC
:1013D000003007238DF80130C549B1F8AA30C3F3B6
:1013E00007228DF802208DF80330003B18BF01233F
:1013F0008DF804300F46B1F8AE30C3F307228DF8F4
:1014000005208DF806308B8DC3F307228DF8072059
:101410008DF80830B1F8B430C3F307228DF80920F5
:101420008DF80A3091F84B028DF80B0091F84A3292
:101430008DF80C3091F849328DF80D3091F8483222
:101440008DF80E3003F0A6FAC0F307428DF80F2096
:10145000C0F307228DF810208DF8110097F8B230F4
:101460008DF812301325FEF79CBEA24BA04A03F163
:101470001200197982F86912597982F868120233D8
:1014800002328342F5D10025FEF78BBE1D228DF876
:10149000002007228DF801209549B1F8AA20C2F357
:1014A00007208DF802008DF80320003A18BF0122B2
:1014B0008DF8042000228DF805208DF80620888DF7
:1014C000C0F307258DF807508DF808008DF8092026
:1014D0008DF80A208DF80B208DF80C208DF80D204A
:1014E0008DF80E208DF80F208DF810208DF811202A
:1014F00091F8B2208DF812201325FEF752BE7C4BD6
:101500001B78162B10D17A4A6B460DF1120092F817
:101510006912197092F868125970023202338342CC
:10152000F5D11225FEF73DBE724BDA79704880F88E
:1015300048229B7980F8493280F84A1280F84B5251
:101540000546D0F8480203F039FA85F8B2000025C4
:10155000FEF727BE664B1B781B2B0BD01D2B36D0FE
:10156000162B29D0644A137843F0800313700025AA
:10157000FEF717BE5E4B83F8B650AD00ADB2002D3E
:101580003EF40FAEC82D28BFC8255A4A0021507915
:1015900083F8B700907983F8B800D07983F8B90060
:1015A000107A83F8BA0004310432043388B28542D9
:1015B000EDD80025FEF7F5BD16228DF801208DF837
:1015C000022001228DF803200425FEF7EABD484BD6
:1015D00083F8B650AD00ADB2002D3EF4E2ADC82D9B
:1015E00028BFC825434A0021507983F8B700907975
:1015F00083F8B800D07983F8B900107A83F8BA007C
:1016000004310432043388B28542EDD80025FEF758
:10161000C8BD374B93F8B630BBB91523344A82F8AE
:10162000B63054258DF80030344A6B46691E89B2B5
:101630000DF10100084412F8011F03F8011F834255
:10164000F9D10135EDB2FEF7ACBD294B93F8B630B8
:101650008DF800309D00002BE6D1F2E70DF1FF334D
:101660000DF10E01002203F8012F8B42FBD10F2553
:10167000FEF797BD1E4B83F87F51AD00ADB2002D34
:101680003EF48FADC82D28BFC8251A4A00215079D5
:1016900083F88001907983F88101D07983F8820101
:1016A000107A83F8830104310432043388B285420E
:1016B000EDD80025FEF775BD0D4B93F87F310BBBC0
:1016C00007230B4A82F87F311C258DF800300C4A25
:1016D0006B46691E89B20DF10100084412F8011F22
:1016E00003F8011F8342F9D10135EDB2FEF759BD70
:1016F0002C170020300400202C040020E2170020CA
:10170000AB180020D34B93F87F318DF800309D004B
:10171000002BDCD1E8E7CF4B83F8B2501B781B2BB2
:1017200009D01D2B1ED0CC4A137843F080031370D0
:101730000025FEF736BD2A46192D28BF1922D2B240
:10174000C44B83F8B220D3F84812C44850F8222082
:1017500062F31701C3F84812042283F84B220025D4
:10176000FEF71FBD192D11D9BA4B192283F8B220EB
:10177000B84B93F8B220013AB94931F81220A3F8D6
:101780004E22A3F84C220025FEF70BBD002DEFD111
:10179000B04B012283F8B220EAE7AE4BB3F86222E5
:1017A000C2F307218DF800108DF801200425FEF703
:1017B000F8BCA84AA2F864320025FEF7F2BCA54B9B
:1017C000B3F86422C2F307218DF800108DF80120D0
:1017D0000225FEF7E6BC9F4A1278162A02D00025A1
:1017E000FEF7DFBCDFF86CC28CF87C5261F30F238C
:1017F0009C4A917961F30703ACF87E32D17961F3A9
:101800000F23117A61F30703ACF88032517A00207C
:1018100061F31F60917A61F31740D17A61F30F2071
:10182000117B61F30700CCF88402517B61F30F2335
:10183000917B61F30703ACF88832D17B61F30F230E
:10184000117C61F30703ACF88A32517C8CF88C125E
:10185000917C61F30F23D17C61F30703ACF88E32E6
:10186000117D61F30F23517D61F30703ACF89032D2
:10187000917D61F30F23D17D61F30703ACF89232C0
:10188000117E61F30F23517E61F30703ACF89432AC
:10189000937E63F31F60D37E63F31740137F63F37C
:1018A0000F20537F63F30700CCF89802937F63F314
:1018B0001F60D37F63F3174092F8203063F30F204B
:1018C00092F8213063F30700CCF89C020025FEF764
:1018D00068BC604B1B78162B02D00025FEF761BC5C
:1018E0006B460DF10A01032203F8012B8B42FBD159
:1018F000584991F87C228DF80A20B1F87E22C2F373
:1019000007208DF80B008DF80C20B1F88022C2F36F
:1019100007208DF80D008DF80E20D1F88422C2F337
:1019200007608DF80F00C2F307408DF81000C2F376
:1019300007208DF811008DF81220B1F88822C2F32B
:1019400007208DF813008DF81420B1F88A22C2F315
:1019500007208DF815008DF8162091F88C228DF84F
:101960001720B1F88E22C2F307208DF818008DF8E9
:101970001920B1F89022C2F307208DF81A008DF8D3
:101980001B20B1F89222C2F307208DF81C008DF8BD
:101990001D20B1F89422C2F307208DF81E008DF8A7
:1019A0001F20D1F89822C2F307608DF82000C2F3FF
:1019B00007408DF82100C2F307208DF822008DF832
:1019C0002320D1F89C22C2F307618DF82410C2F3C2
:1019D00007418DF82510C2F307218DF826108DF8E8
:1019E00027202825FEF7DDBB1A4B1B78162B02D0CB
:1019F0000025FEF7D6BB64238DF801300225FEF7E3
:101A0000D0BB144A1278162A02D00025FEF7C9BBB3
:101A1000104AA2F866320025FEF7C3BB0D4B1B78B7
:101A2000162B02D00025FEF7BCBB0A4BB3F866228A
:101A3000C2F307218DF800108DF801200225FEF772
:101A4000B0BB0125FEF7ADBB0025FEF7AABB002504
:101A5000FEF7A7BB2C1700202C040020CC97010810
:101A600098970108300400200025FEF79ABB002556
:101A7000FEF797BB0025FEF794BB0025FEF791BB50
:101A80000025FEF78EBB0025FEF78BBB3546FEF723
:101A900088BB1125FEF785BB0925FEF782BB002513
:101AA000FEF77FBB0025FEF77CBB0025FEF779BB68
:101AB0000325FEF776BB0325FEF773BB0325FEF770
:101AC00070BB40F241410120FCF748FD184A1378F1
:101AD00023F080031370174A137843F02003137028
:101AE00031462046FEF714FBFEF761BB40F242414F
:101AF0000120FCF733FD0E4A537823F001035370A5
:101B00000C4A137843F020031370FEF756BB0A4BC0
:101B1000DA7800212046FCF763FB01283EF490AB05
:101B200000263546FEF73DBB0025FEF73ABB00BF59
:101B30002C0400201C030020300400202DE9F0417B
:101B4000FDF706F8754B1B6813F0020F40F0C180DB
:101B5000FDF7FCF8002840F0C080714B1B681D4663
:101B60001B78002B40F08880FDF7FEF8042840F237
:101B7000B48000236B4C23702846FDF7DBF8037814
:101B80006370694A1278162A79D0FF2B7ED1FDF74F
:101B9000D1F80478A046634DAC70FDF7CBF806464B
:101BA00003781F46EB70002C78D0FDF7DDF83B1D65
:101BB000834280F292803046FDF7BCF887B1594AE3
:101BC000D31C1D467B1E9BB2043213441E46037871
:101BD0002C4604F8013F2546FDF7ACF8B442F6D197
:101BE0000478391D4F48FCF7DBFAA04265D14B4B16
:101BF0001A6822F004021A601A6822F008021A60B9
:101C000000224A490A704A490A804A490A801A68E9
:101C100042F400721A601A6822F480621A60464B1D
:101C200093F90130002B42DB3C4B1B6813F0400F53
:101C300004D13A4A136843F0080313604046FEF7A4
:101C400097FA3B4605331D4600231C46FDF74EF927
:101C5000234601331C469D42F8D1304B1A6842F0AE
:101C600002021A601A68C2F3001282F001021968B7
:101C700062F30411196030E0FDF738F92DE0002B14
:101C800085D0FDF733F9FDF731F926E0FDF72EF9A0
:101C9000244B5B780BB3FDF729F91EE0FDF726F91D
:101CA000214B1B78162B18D0FDF720F915E0224A9E
:101CB000537823F080035370B6E7FDF717F9174BFD
:101CC0001A6822F002021A601A6822F001021A60F1
:101CD00003E01A4B1B78052B01D8BDE8F0810F4AB1
:101CE000136823F002031360136843F001031446E2
:101CF000136001220221124805F09AFD236823F0A7
:101D0000200323600D4B00221A700E4B01221A8013
:101D10000D4B19780D4805F065FEDEE75C150020D7
:101D20004C0D0020300400202C170020150300204B
:101D300018030020160300202C0400201D0300209F
:101D40000008014026040020200300200044004039
:101D500008B5054B9B6813F0040F02D1FFF7EEFEA8
:101D600008BDFEF7C1F8FBE75C15002010B582B096
:101D7000B74B00221A80B74B01225A70B64A531E45
:101D8000F932002103F8011F9342FBD1FA238DF8A9
:101D90000730B24C224601216420FCF7CBF82178B1
:101DA000FA2940D922460023237001216420FCF740
:101DB00075F8A94AFA216520FCF770F8A54C22466F
:101DC00001213220FCF7B6F804F121020121332071
:101DD000FCF7B0F80DF1070201213820FCF7AAF852
:101DE0009DF80730012B23D8994A138843F0040348
:101DF00013809B4A137823F010031370954B1B78C4
:101E0000162B40D8092B1CD8082B2BD8082B29D8E7
:101E1000DFE813F0880190018C01AE01940190017C
:101E200090012B0128018C4A6520FCF783F8C5E757
:101E300001218DF807100DF107023820FCF72EF86C
:101E4000D2E7A3F10A01C9B201228A4040F6171174
:101E50000A4240F0128112F4C06F40F00681162B46
:101E600000F0A5817B4C13232370224601213220F0
:101E7000FCF714F82246002302F8213F0121332009
:101E8000FCF70CF8F9E0212B1CD8173B0A2BE9D8FA
:101E900001A252F823F000BF7B2001086B2001084B
:101EA0007B200108651E01089F210108651E0108AD
:101EB000152201087B2001087B2001087B200108F6
:101EC0006B200108A02BCDD9A13B5E2BCAD801A263
:101ED00052F823F07B2001087B2001087B200108B9
:101EE000651E0108651E0108651E0108651E0108C2
:101EF000651E0108651E0108651E0108651E0108B2
:101F0000651E0108651E0108651E0108651E0108A1
:101F1000651E0108651E0108651E0108651E010891
:101F2000651E0108651E0108651E0108651E010881
:101F3000651E0108651E0108651E0108651E010871
:101F4000651E0108651E0108651E0108651E010861
:101F50007B2001087B2001087B2001087B200108F1
:101F60007B2001087B2001087B2001087B200108E1
:101F70007B2001087B200108651E0108651E010801
:101F8000651E0108651E0108651E0108651E010821
:101F90007B2001087B200108651E0108651E0108E1
:101FA000651E0108651E0108651E0108651E010801
:101FB000651E0108651E0108651E0108651E0108F1
:101FC000651E0108651E0108651E0108651E0108E1
:101FD0007B2001087B200108651E0108651E0108A1
:101FE000651E0108651E0108651E0108651E0108C1
:101FF000651E0108651E0108651E0108651E0108B1
:10200000651E0108651E0108651E0108651E0108A0
:102010007B2001087B2001087B200108651E010848
:10202000651E0108651E0108651E0108651E010880
:10203000651E0108651E0108651E0108651E010870
:10204000651E01088D2101087B20010895210108EA
:10205000101A00202C170020D4150020CF160020C5
:10206000D8020020734B02225A709DF8073023B922
:10207000714A138823F0040313806E4A3C23A2F8AC
:1020800044306E490B7823F001030B70FF2382F874
:102090003A3000236A490B806A490B806A490B80F9
:1020A0006A490B806A490B806A490B606A494FF4A0
:1020B000FA6008600A21D170684969480860694976
:1020C0000B604FF48C7111854FF4A5715185664CEE
:1020D0004FF4C872E280E381238204F114020221EA
:1020E0003420FBF727FF04F1160202213620FBF70C
:1020F00021FFA38A5A1E92B242F20D718A4288BF12
:1021000064236382594B00211980012363704A4B79
:102110001A8842F020021A801A8842F001021A80BE
:1021200002B010BD504B00221A70A6E74E4B0122A0
:102130001A70A2E74C4B02221A709EE73D4B152203
:1021400083F8B620072283F87F21494A137843F0A9
:1021500010031370444B93F82830012B03D9424BE2
:1021600003221A7089E7404B012283F82820F6E702
:102170003D4B93F82830012B03D93B4B03221A70B7
:102180007BE7394B012283F82820F6E7364B022201
:102190001A7072E7274B002283F850226DE7254B17
:1021A000152283F8B620072283F87F2165E7214BAB
:1021B0000022A3F86422A3F8662241F6DC11A3F8FA
:1021C0005E12A3F86022A3F862224FF47A71A3F89A
:1021D000A212A3F8A412A3F868223C21A3F86A1261
:1021E0004FF4FA51A3F86C1240F6EB01A3F86E120B
:1021F0000421A3F870120921A3F872125021A3F848
:1022000074126421A3F876120121A3F87812A3F8BE
:102210005C2232E7074B012283F8B22044F250627D
:10222000A3F84E22A3F84C22034A138843F0040378
:10223000138022E72C170020101A00202804002009
:10224000F41900200A1A0020081A0020021A00209F
:10225000001A002028170020241700202017002033
:10226000C02709001C170020E0160020DC16002003
:10227000D8020020024A138801339BB213807047B2
:10228000F4190020064B1B889BB28342044B1B8829
:102290003CBF9BB203F1FF33181A80B2704700BFF6
:1022A000F41900205E4B1A780B2A04BF002183F832
:1022B00023105B4B93F8213003F06003602B0ED0AA
:1022C000574B93F8213013F0040F10D013F0080F80
:1022D00014D0534943F0900381F821300EE0504967
:1022E00091F8213043F0800381F82130E8E74C4930
:1022F00091F8213023F0100381F82130172A06D0FD
:10230000192A04D0474B5B68012B27D07047444BF8
:1023100093F8233013F0010F0CD0414B93F8232096
:1023200042F0020283F8232093F8212042F0800239
:1023300083F821203A4B93F8233013F0040FE1D0B7
:10234000374B93F8232042F0080283F8232093F8B8
:10235000212042F0800283F82120D3E7314B002274
:102360005A602F4B93F8233013F0010F06D12C4AFB
:1023700092F8233023F0020382F82330284B93F89D
:10238000233013F0040F06D1254A92F8233023F0AE
:10239000080382F82330224B93F8213013F0240FE6
:1023A0001BD01F4A92F8232012F00A0FAED103F07F
:1023B0006C02242A1FD003F06402202A25D003F0E7
:1023C0002C03042BA2D1164A92F8213003F0EF031C
:1023D00023F0800382F8213098E7114B93F82330E3
:1023E00013F00A0F92D10E4A92F8213023F08003A5
:1023F00082F8213070470A4A92F8213003F0EF0347
:1024000023F0800382F821307047054A92F821308A
:1024100003F0EF0323F0800382F82130704700BF00
:102420002C1700205C15002008B5254B93F82120BF
:1024300093F92130002B2DDB224B1B6813F4803FD6
:1024400018D1204B1B6813F4003F36D01D490B6890
:1024500023F400330B6012F0010F06D0184A92F8F3
:10246000213023F0010382F82130154B0022A3F81C
:10247000442022E013490B6823F480330B6012F0F0
:10248000010F1AD10E4A92F8213043F0010382F86D
:10249000213012E00B4B1A6822F480321A601A685D
:1024A00022F400321A60064B93F8212022F0010238
:1024B00083F821200022A3F84420FFF7F3FE08BD93
:1024C0002C1700205C15002008B50221284805F0D3
:1024D000A9F920BB274B1A88274B1A80274B18884D
:1024E000FFF7D0FE322808D9224B1A88234B1A80D6
:1024F000234B1B8813F0400F00D008BD204A1388DF
:1025000043F040031380012004F0DCF91D4A5378A6
:1025100043F0200353701C4B00221A70EDE7154B5B
:102520001A88164B1A80144B1888FFF7ABFE322816
:10253000E3D9104B1A88104B1A80114B1B8813F0EB
:10254000400FDAD0104B1B78AA2BD6D10C4A138837
:1025500023F0400313800B4A537823F02003537079
:10256000002004F0AFF940F2B220FCF7DDFAC4E736
:10257000000C0140F4190020001A0020021A00206B
:10258000101A00202C0400208901002008B5022127
:10259000264805F047F918BB254B1A88254B1A80A9
:1025A000254B1888FFF76EFE32282CD9204B1A884D
:1025B000214B1A80214B1B8813F0400F23D11F4A57
:1025C000138843F040031380012004F07BF91C4A78
:1025D000537843F0200353701A4B00221A7012E014
:1025E000134B1A88144B1A80124B1888FFF74AFEB7
:1025F000322808D90E4B1A880E4B1A800F4B1B88B5
:1026000013F0400F00D108BD0C4A138823F040039B
:1026100013800B4A537823F020035370002004F0FA
:1026200051F940F2B220FCF77FFAECE7000C0140D0
:10263000F4190020001A0020021A0020101A0020AD
:102640002C0400208901002008B56F4B93F82E3030
:1026500013F0020F76D06C4A92F82E3003F0FD038F
:1026600043F0100382F82E30684B47F6EB621A8075
:10267000654B93F82E3013F0010F25D0644B93F97E
:102680000030002B08DB634B1A88634B1A80604ACA
:10269000137843F0800313705F4B1888FFF7F2FD47
:1026A00044F6206398420FD95A4B1A885A4B1A8025
:1026B000574A137823F080031370534A92F82E3050
:1026C00023F0010382F82E304F4B93F82E3013F095
:1026D000100F14D14C4B9A8E4C4B1B889A420ED043
:1026E0008CBFD31A9B1A4D4981FB0301DB17C3EB47
:1026F000A10305339BB24A490B80444B1A80494BD6
:102700001888FFF7BFFD64281BD9424B1A88454B38
:102710001A803D4B5B8E3D4A128893425ED046D272
:102720003B48017841F0020121F0010101703C4970
:1027300009880B449BB29A4227BF334A5386324BD7
:102740005A8608BD13F0040F0DD02F4A92F82E3090
:1027500003F0FB0343F0100382F82E302B4B40F6BE
:10276000CC421A8084E713F0080F81D0264A92F8F1
:102770002E3003F0F70323F0100382F82E30528B33
:10278000C2F30E0221490A8013F0010F9CD0204AA7
:10279000137823F0800313701B4A92F82E3023F035
:1027A000010382F82E301C4B00221A8060E7184883
:1027B000017801F0FD0141F001010170184909881B
:1027C0008B4208D95B1A9BB29A4299BF0E4A538634
:1027D0000D4B5A86B5E70C4B5A86B2E70C4B1B786B
:1027E00013F0020F04D00A4A137823F00203137087
:1027F000074B1B7813F0010FA3D0054A137823F081
:10280000010313709DE700BF2C1700200A1A002057
:102810001C030020F41900207A1500206766666604
:102820000C1A0020081A002008B5634B93F85132A7
:1028300013F0010F33D0604A92F8513223F00103B4
:1028400082F851325D4B4FF4FA721A805C4B188853
:10285000FFF718FDB0F5FA7F20D95A4B1A88584B6C
:102860001A80554BB3F84E32544A128893426BD0BB
:102870004ED2514890F8501241F0010101F0FD0193
:1028800021F0040180F8501214339BB29A4227BF02
:102890000246A2F84E32484BA3F84E2208BD13F070
:1028A000020F0AD0444A92F8513223F0020382F810
:1028B0005132424B00221A80C8E713F0040F0BD0AC
:1028C0003D4B93F82E2022F0080283F82E20B3F817
:1028D0004E223A4B1A80B9E713F0080F0AD0364A55
:1028E00092F8513223F0080382F85132334B002220
:1028F0001A80ABE7304AB2F84C32B2F84E229A4214
:10290000A4D02E4A12889A421CBF2C4A13809DE7FD
:10291000294890F8501201F0FE0141F0020121F027
:10292000040180F85012142B0AD9143B9BB29A422E
:1029300099BF0246A2F84E321F4BA3F84E22ADE7D4
:102940001D4BA3F84E22A9E71B4A92F8502212F021
:10295000010F06D0184991F8502222F0010281F8A7
:102960005022154A92F8502212F0020F06D0124956
:1029700091F8502222F0020281F850220E4A92F879
:10298000502212F0040F06D00B4991F8502222F089
:10299000040281F850223BB9074A92F8503243F0C2
:1029A000080382F8503279E7034A92F8503223F054
:1029B000080382F8503271E72C170020061A002015
:1029C000041A0020F419002010B5844B93F82E301F
:1029D00013F0020F2AD0814A92F82E3003F0FD0343
:1029E00043F0100382F82E307D4B40F6B8421A8037
:1029F0007A4B93F82E3013F010031C463BD1774BE3
:102A00005B8BC3F30E01764A1288914236D05DDDAE
:102A10008B1A744A82FB0302DB17C3EBA203053354
:102A20009BB2714A13806E4B198027E013F0040F9C
:102A30000CD06A4A92F82E3003F0FB0343F01003E7
:102A400082F82E30664B14221A80D1E713F0080F5B
:102A5000CED0624A92F82E3003F0F70323F0100331
:102A600082F82E30528BC2F30E025D490A8013F0B9
:102A700010031C4602D05C4B14221A805B4B188852
:102A8000FFF700FCC8287BD9594B1A88574B1A808E
:102A9000524BDB8FC3F30E03514A11888B4244D053
:102AA00024DA5448027842F0020222F00102027055
:102AB0004D4A128813449AB2C3F30E0399420FDBB6
:102AC000464BD98F62F30E01D98759E0521A454817
:102AD00080FB0230D317C3EBA00305339BB2A0E702
:102AE0003E4BDA8F61F30E02DA8749E04148027803
:102AF00002F0FD0242F0010202703B4A128893424A
:102B00000DDD9A1A90B2C2F30E029142334BDA8F66
:102B1000D4BF60F30E0261F30E02DA8730E02F4B70
:102B2000DA8F61F30E02DA872AE054B3142903D056
:102B300040F6B843994204D12F4A137843F0010379
:102B40001370264B93F82E2022F0100283F82E20CB
:102B50005A8B61F30E025A83264B1B7813F0020F37
:102B600004D0244A137823F002031370214B1B78FE
:102B700013F0010F04D01F4A137823F001031370E0
:102B800010BD164A528BC2F30E02002AE4D0142B59
:102B900015D8134B14221A80174A137843F00103F7
:102BA00013700F4B1A88C2F30E020C4BD98F62F3CD
:102BB0000E01D987598B62F30E015983CCE740F699
:102BC000B7429342EDD9064B40F6B8421A800A4A02
:102BD000137843F001031370E3E700BF2C170020C4
:102BE0000A1A0020676666660C1A0020081A002080
:102BF000F41900201C0300202C04002010B5FF282D
:102C000032D0FFF761FC924B93F82E3013F0020F95
:102C100046D08F4A92F82E3003F0FD0343F01003A4
:102C200082F82E308B4B47F6EB621A80884B93F874
:102C30002E3013F010031C4658D1854B5B8BC3F329
:102C40000E01844A1288914253D07CDD8B1A824A4D
:102C500082FB0302DB17C3EBA20305339BB27F4A5F
:102C600013807C4B198044E0FFF790FCFFF7ACFE2B
:102C70007B4B1B8813F0200F40F00081794A1378BA
:102C800023F008031370784B00221A80704A938F48
:102C90006FF30E039387754B1A88754B1A8010BD1E
:102CA00013F0040F0DD06A4A92F82E3003F0FB03A4
:102CB00043F0100382F82E30664B4FF48A721A806C
:102CC000B4E713F0080FB1D0614A92F82E3003F048
:102CD000F70323F0100382F82E30528BC2F30E025A
:102CE0005C490A8013F010031C4602D05B4B64223F
:102CF0001A80604B1888FFF7C5FA6428B8D95B4B77
:102D00001A885C4B1A80524BDB8FC3F30E03514A77
:102D100011888B4240D020DA5248027842F00202F9
:102D200022F0010202704D4A1288134498B2C3F394
:102D30000E039942464BDA8FACBF60F30E0261F38B
:102D40000E02DA8794E7521A434880FB0230D31709
:102D5000C3EBA00305339BB281E74248027802F03F
:102D6000FD0242F0010202703C4A128893420DDDDE
:102D70009A1A90B2C2F30E029142354BDA8FD4BF49
:102D800060F30E0261F30E02DA8771E7304BDA8FDF
:102D900061F30E02DA876BE764B3B1F58A7F03D083
:102DA00047F6EB63994204D1334A137843F00103A9
:102DB0001370274B93F82E2022F0100283F82E2058
:102DC0005A8B61F30E025A83264B1B7813F0020FC5
:102DD00004D0244A137823F002031370214B1B788C
:102DE00013F0010F3FF444AF1E4A137823F00103A0
:102DF00013703DE7164A528BC2F30E02002AE3D04D
:102E0000B3F58A7F16D8134B4FF48A721A801A4A88
:102E1000137843F0010313700E4B1A88C2F30E02AD
:102E20000B4BD98F62F30E01D987598B62F30E01D8
:102E30005983C9E747F6EA629342EDD9054B47F655
:102E4000EB621A800C4A137843F001031370E3E736
:102E50002C1700200A1A0020676666660C1A0020EC
:102E6000101A00201C030020FA190020F419002079
:102E7000FE190020081A00202C0400203B4B1B8B5D
:102E8000C3F30E013A4A128891420DD039DD8B1AF4
:102E9000384A82FB0302DB17C3EBA20305339BB264
:102EA000354A1380324B1980344B1888FFF7EAF902
:102EB00064287FF6F4AE324B1A88304B1A802B4BC5
:102EC0009B8FC3F30E032A4A128893420DD028DD4C
:102ED000294909880B4499B2C3F30E039A421ADBBD
:102EE000224B9A8F61F30E029A87204B9B8FC3F37C
:102EF0000E03002B31D0234A137843F00C031370D8
:102F0000CDE6521A1B4880FB0230D317C3EBA00357
:102F100005339BB2C4E7154B998F62F30E01998775
:102F2000E3E7154909888B4211DD5B1A99B2C3F3B7
:102F30000E039A4205DC0D4B9A8F61F30E029A87BD
:102F4000D3E70A4B998F62F30E019987CDE7074BC0
:102F5000998F62F30E019987C7E70A4A137803F045
:102F6000F70323F00403137099E600BF2C17002029
:102F7000FA19002067666666FC190020FE19002019
:102F8000F41900201C03002010B50B4CB4F8AA0063
:102F900005F0D4FF05F042FC05A3D3E9002305F0BA
:102FA00095FC05F0A5FEA4F8AE0010BDAFF30080BF
:102FB0000AD7A3703D8A23402C170020F8B5934B05
:102FC000B3F85C324BB3924A127812F0040F06D178
:102FD000C3EB431203EB82035B008E4A13808E4BDC
:102FE0001888FFF74FF98B4B1B88834226D88B4BF1
:102FF0001A88894B1A808A4B1B788A4AD15C834A8B
:10300000A2F8A0120133DBB2032B02D8844A13705A
:1030100014E0834B00221A7010E07E4B1B884BB1EA
:1030200000237A4AA2F8A0327A4A13804FF00002B5
:103030007B4B1A70794B1A88774B1A80734DB5F811
:10304000A04204EB84046400A4B2A5F86242A5F88F
:10305000C242B5F8A432A5F8A232B5F86E0205F066
:1030600071FF06460746204605F068FF6E4906F0E8
:1030700071F8314605F0BAFF06F008F986B2A5F8F6
:10308000C4626A4B1888FFF7FDF8632845D9634B83
:103090001A88664B1A805E4B1B7813F0040F0AD116
:1030A000B5F87632B34206D8594A137843F005038F
:1030B0001370A5F8BC625E4B188884422ED9201A82
:1030C00080B205F03BFF584906F044F8394605F058
:1030D0008DFF06F0DBF880B24C4BB3F8B832834278
:1030E0003CBF4A4BA3F8B8020022524B1A60474B30
:1030F000A3F8A822B3F8BA126431A3F8BA12B3F84D
:10310000B2126431A3F8B212B3F8B4120844A3F8AF
:10311000B402A3F8BE22464B1C80F8BD844223D2E1
:103120000026444B1E60394DA5F8BA62B5F8A832A6
:103130006433A5F8A832B5F8B2326433A5F8B232D8
:10314000001B80B205F0FAFE374906F003F8394655
:1031500005F04CFF06F09AF8B5F8AA321844A5F825
:10316000AA02A5F8BE62D6E7324A13686433136038
:103170009CB12649B1F8BA22B1F8A8120A4392B21A
:10318000DAB1224AB2F8BE224EF65F218A4214D842
:1031900064321E49A1F8BE220FE01C4AA2F8B242D6
:1031A000A2F8B442A2F8AA42A2F8B842A2F8BC42DD
:1031B00017490A7822F004020A701F4AA2FB03236F
:1031C000124AB2F86A22B2EB931FA4D80023194A1C
:1031D00013600E4AA2F8BA32A2F8A832A2F8BE32A0
:1031E000A2F8BC32A2F8B832A2F8AA32A2F8AC32E5
:1031F000A2F8AE32A2F8B032A2F8B232A2F8B432DB
:10320000A2F8B632A2F8A63285E700BF2C1700203C
:103210001403002078150020F6190020F41900206E
:10322000761500209497010800007A44F8190020D0
:103230007415002070150020D34D6210984B1B8828
:1032400013F0010F01D10020704710B5944B1B887B
:1032500013F0080F44D1934B1B68934A12689342B2
:1032600004D201338F4A1360012010BD8C4A1388A9
:1032700043F0080313808D4B9B6813F0040F19D1A2
:10328000012220218A4804F0D3FA0022042189482F
:1032900004F0CEFA0022834B1A6087490B68013391
:1032A0000B60864B1A607E4A138843F400631380D8
:1032B0000120DAE7002220217D4804F0B9FA01223A
:1032C00004217C4804F0B4FA7D4B1B78053BDBB24B
:1032D000012BDFD801222021754804F0A9FAD9E793
:1032E000724B9B6813F0040F3AD1754BDB78BBB17E
:1032F0006B4B1B8813F0040F2DD1714BB3F8443086
:10330000182B28D8674B1B686E4A1268934231BF4E
:10331000013300236A4AD370624A13600120A4E794
:103320005F4A138823F0080313800022202160489D
:1033300004F07EFA002204215E4804F079FA5A4B28
:1033400042F210721A605E4B0A22DA705D4B5E4ADE
:103350001A60012089E7534B00221A60012084E79C
:103360004F4B1B8813F4007F21D14D4B1B8813F466
:10337000006F36D14A4B1B8813F4807F40F0EF80FA
:10338000474B1B8813F4805F40F0F9804F4B1B883C
:103390000A2B40F210810022484B1A6040490B88EA
:1033A00043F400630B80494B1A8001205DE708213C
:1033B000474804F037FA012803D0444B00221A8012
:1033C000D3E7424B1B8801339BB244F62062934201
:1033D00002D83E4A1380C8E73C4B44F620621A806C
:1033E000C3E72F4B1B8813F4807F21D1334B1B681D
:1033F000B3F5FA7F04D20133304A1360012034E779
:10340000274A138843F48073144613800122042151
:10341000284804F00DFA294B00221A60238843F44F
:1034200000732380238823F40053238001201CE7AA
:10343000284B1B7813F0040F27D0244B1A8842F234
:1034400010739A4201D801200FE715490B8823F425
:1034500000630B800B8823F480730C460B800022E2
:103460000421144804F0E4F90023144A136022886C
:1034700042F480522280184A1380228842F400527B
:103480002280144A13800120EFE6104B00221A809C
:10349000034B1B8813F4806F20D10120E5E600BFA9
:1034A000101A002028170020241700205C15002087
:1034B00000080140001801401C170020D816002009
:1034C0002C17002020170020C0270900D616002046
:1034D00000100140DC160020D4160020374B1B8A58
:1034E000002B32D1364B1B6823B1013B344A1360A9
:1034F0000120BAE633490B8823F400630B800B8864
:1035000023F480730C460B8004212F4804F090F9BB
:1035100000232E4A1360228822F4806222802288AF
:1035200042F4805222802A4A1380228842F40052B8
:103530002280284A1380214B5B894EF6602202FBD1
:1035400003F31F4A136001208FE61C4B5B894EF684
:10355000602202FB03F31A4A1360012085E6194A30
:10356000138823F48073138000220421164804F08A
:103570005FF90023154A1360164A138000E7164BC3
:103580001B888BB9124A138801339BB21380B3F5A1
:103590007A7F0ED90B4A138823F4805313800C4B87
:1035A00000221A80012060E6094B00221A800120C7
:1035B0005BE6012059E6012057E600BFE016002037
:1035C000D0160020101A002000180140D816002044
:1035D000D4160020DC160020D6160020024B1888D6
:1035E000C0F38000704700BF101A00200128044A71
:1035F00013880CBF43F0080323F0080313807047BF
:10360000101A0020024B1888C0F3C000704700BF9A
:10361000101A0020014B1860704700BF24170020CB
:1036200028B1064A138843F0020313807047034A07
:10363000138823F002031380704700BF101A002084
:10364000024B1888C0F34000704700BF101A0020DA
:10365000024B188800F00100704700BF101A0020CC
:1036600028B9064A138823F0200313807047034AC1
:10367000138843F020031380704700BF101A002006
:103680000128044A13880CBF43F0800323F0800311
:1036900013807047101A0020024B1888C0F3C01026
:1036A000704700BF101A00200128044A13880CBF7D
:1036B00043F4004323F4004313807047101A0020A2
:1036C000024B1888C0F3C030704700BF101A0020AA
:1036D000F0B583B00D4614461E468A4B1B78002B6E
:1036E00040F02081074601230093874A01460020CD
:1036F000FAF7CEFC854B1A88834B1B889A4215D06B
:103700008349896811F0040F4CD182490978162940
:1037100000F0AC807C4B1B88BB4284BF7A4B1F807F
:10372000794B1A88794B1A8001231E46012D00F02F
:10373000B980764B1B8803EB830304EB83035B6840
:103740001B88754A12889A4200F09C81724A138045
:103750006E4BB3F800C00CEB8C0C4FEA8C0204EB00
:103760008C0C9CF80B50192D00F21D83DFE815F02E
:103770001202FF01EC01DF018E011B03CE01AB0140
:103780001B031B038E013C024902570257026602CB
:103790008E019B011B038002A2027302AE02BC02D7
:1037A000CA02ED025D490978022908D00129B1D188
:1037B0009A4242D9042B2DD0032BABD133E09A424D
:1037C00012D9022B02D0012BA4D107E0544B1B7855
:1037D00013F0020F9ED14C4B01221A80504B1B78E4
:1037E00013F0010F4DD095E7012B02D0022B91D1A0
:1037F00007E04B4B1B7813F0010F8BD1424B022299
:103800001A80474B1B7813F0020F83D13E4B0322E3
:103810001A807FE7424B1B7813F0100F7FF47AAFCA
:10382000394B03221A803E4B1B7813F0080F7FF4AC
:1038300071AF354B02221A806CE7032B03D0042BA7
:103840007FF468AF08E0364B1B7813F0080F7FF465
:1038500061AF2D4B04221A80314B1B7813F0100FEF
:103860007FF458AF284B05221A8053E79A420CD9AF
:10387000012B7FF44FAF274BB3F85C32002B3FF4A2
:1038800049AF214B00221A804AE7012B7FF442AF57
:10389000204BB3F85C32002B3FF43CAF1A4B0222B2
:1038A0001A8037E7194B1B8803EB830304EB830370
:1038B0005B7A012B7FF43DAF124B01221A70452237
:1038C0000021084601F0A8FA104B1B8803EB830384
:1038D00004EB8303DA7A4AB95A6812881B7A1A42CF
:1038E0000D4B14BF012200221A8022E70C2A04D0BB
:1038F0005B681A88084B1A801BE7074B00221A8066
:1039000017E700BF16170020141700201E00002024
:103910005C1500202C17002012170020E016002054
:10392000DC160020A84B1A8802EB820204EB82020C
:10393000137CD1899089527C0092A44AFAF7A8FBA3
:10394000A24B1A88A24B1B88934255D0A04B1A80D9
:103950009D4B1B8803EB830304EB8303D97A002977
:1039600036D1012A2ED05A68197A138823EA010326
:103970001380012D7FF4ECAE0020964B18702022AE
:10398000014601F049FA904BB3F800C00CEB8C0CE7
:1039900004EB8C0CDCF8043019888C4B19809CF8F3
:1039A0000B300C2B7FF4D4AE002900F03882CBB260
:1039B0009F2B63D811F0C00F14BF01200020FAF72D
:1039C000CDFD1DE05A681B7A11880B431380D0E7A8
:1039D0000C2902D05B681A80CBE70C2A04D900229C
:1039E0007B490A8079490A805B68794A11887A4A5A
:1039F00032F811201A80BCE7012D18BF354625D0BA
:103A0000012D3FF4A5AE704B1B8803EB830304EB41
:103A10008304E37A022B00F0EF81132B00F0D081B6
:103A2000012B40F0FF816D4AD28A6D49098891428D
:103A300000F0FB8167490978002940F0EC8161685A
:103A400002EB820252000A801D46EEE10020614B2B
:103A500018702022014601F0DFF95B4BB3F800C07B
:103A6000142303FB0C4CDCF804301988574B1980E5
:103A70009CF80B300C2B07D1354695E70220FAF75E
:103A80006DFDBDE73546BBE73546B9E79CF80A3022
:103A9000A058DCF80420128800920122002102F0D4
:103AA000AAFF0025C1E19CF80A30A0584B4AD28CED
:103AB0000192DCF80420128800920122002102F019
:103AC00081FF0025B1E1474A01219CF80A0001F07D
:103AD000A1FF3D4B1A8802EB820204EB82018B7A34
:103AE00054F822004A68128800920122002102F054
:103AF00093FF04464E22012101F08EF9601C6D22D5
:103B00000121C0B201F088F900258EE19CF80A304D
:103B1000A058DCF80420128800920122002102F053
:103B20008CFF5622012101F077F900257DE19CF8F8
:103B30000A30A058DCF804201288009201220021EB
:103B400002F02FFF002570E19CF80A30A058234CAA
:103B5000A28C0192DCF8042012880092012200213C
:103B600002F006FFA28C1E4B1A8000255DE19CF836
:103B70000A30A058194CE28A0192DCF8042012881D
:103B800000920122002102F0DAFEE28A144B1A8030
:103B900000254AE1DCF8043019889CF80830194205
:103BA00008D09CF80A30A05801220092002102F0AF
:103BB0009BFE3AE19CF80A30A058002100910122B6
:103BC00002F092FE31E100BF1E000020121700201B
:103BD0001A00002016170020000000202C170020DB
:103BE0006C150020C89601089CF80A30A058DCF833
:103BF0000420128800920122002102F051FF0025CA
:103C000013E19CF80A30DCF80000DCF8042012888C
:103C100000920122002102F054FF002505E19CF8EA
:103C20000A30A058DCF804201288C2F30E02009279
:103C30000122002102F023FF0025F6E09CF80A3063
:103C4000A058DCF80420128800920122002102F022
:103C500005FF0025E9E09CF80A30A058DCF80420B4
:103C6000128800920122002102F0D6FE0025DCE03D
:103C70006F4D002028706F4B1870A258012101F081
:103C8000C9FE6D4B1B8803EB830304EB8303987A17
:103C90005B68C0F10E0229780091D2B2012101F0D7
:103CA000D1FE2870FF2800F0B480624B01221A7008
:103CB0000025BAE09CF80A30A058DCF804200092F5
:103CC0000122002102F00FFF0025AEE09CF80A302F
:103CD000A0580A220192DCF804200092012200215F
:103CE00002F016FF0025A0E09CF80A30A05832220E
:103CF0000192DCF8042000920122002102F008FF6A
:103D0000002592E04D4A01219CF80A0001F082FE54
:103D1000494B1A8802EB820204EB82018B7A54F839
:103D200022004A68128800920122002102F096FEC9
:103D300004466B22012101F06FF8601C672201210B
:103D4000C0B201F069F800256FE0DCF80430198892
:103D500041B99CF80A30A0580D460091012202F0AA
:103D6000C3FD62E09CF80A30A058009101220021B6
:103D700002F041FE04467322012101F04DF8601C5F
:103D800065220121C0B201F047F8A01C6322012185
:103D9000C0B201F041F8E01C2E220121C0B201F0B6
:103DA0003BF8002541E09CF80A30A058DCF80420DC
:103DB000128800920122002102F061FE002534E009
:103DC0001C4B1B78012B30D11D4B1888FEF75AFA7B
:103DD000B0F5967F29D91B4B1A88194B1A80A07A07
:103DE0006368C0F10E02124C21780091D2B2012119
:103DF00001F028FE207018E0134B9B8C134A1288A8
:103E00009A4212D0124A12783AB962681380012598
:103E10000BE0002509E01D4607E0012505E0012D26
:103E20003FF4EFAE034B00221A70284603B0F0BDFA
:103E30006B1500206A1500201E000020D096010896
:103E400068150020F41900202C1700206C150020A4
:103E50001617002008B50A46002301460E480078D0
:103E6000FFF736FC0D4B9B68C3F3C0030C4A127876
:103E70009A4210D0094B9B6813F0080F0CBF5322D5
:103E80004D2200210F2000F0C7FF044B9B68C3F3B5
:103E9000C003034A137008BD1C0000205C150020FD
:103EA000DE16002000000000F0B585B004460E4686
:103EB000012800F01281044A1278012A00F02781BB
:103EC000024B1B7804E000BF891500202C1700204E
:103ED000FF2B00F21F85DFE813F0B202FF02D902C8
:103EE0002A045004FF02FF023101CD011D05CD015E
:103EF0001B027A031D0525031D051D051D05C603AF
:103F0000960196015603AA04F2019601F2011D05DD
:103F10000E041D05C704F201CD01F20196011D0535
:103F20001D051D051D051D051D051D051D051D0581
:103F30001D051D051D051D051D051D051D051D0571
:103F40001D051D051D051D051D051D051D051D0561
:103F50001D051D051D051D051D051D051D051D0551
:103F60001D051D051D051D051D051D051D051D0541
:103F70001D051D051D051D051D051D051D051D0531
:103F80001D051D051D051D051D051D051D051D0521
:103F90001D051D051D051D051D051D051D051D0511
:103FA0001D051D051D051D051D051D051D051D0501
:103FB0001D051D051D051D051D051D051D051D05F1
:103FC0001D051D051D051D051D051D051D051D05E1
:103FD0001D051D051D051D051D051D051D051D05D1
:103FE0001D051D051D051D051D051D051D051D05C1
:103FF0001D051D051D051D051D051D051D051D05B1
:104000001D051D051D051D051D051D051D051D05A0
:104010001D051D051D051D051D051D0575027502E6
:1040200075021D051D051D051D051D051D051D052B
:104030001D051D051D051D051D051D051D051D0570
:104040001D051D051D051D051D051D051D051D0560
:104050001D051D051D051D051D0575027502750251
:1040600075027502750275027502750275021D05ED
:104070001D051D051D051D051D05250325031D0524
:104080001D051D051D051D051D051D051D051D0520
:104090001D051D051D051D051D05250325031D0504
:1040A0001D051D051D051D051D051D051D051D0500
:1040B0001D051D051D051D051D05750275027502F1
:1040C0001D051D051D051D051D051D051D051D05E0
:1040D0001D051D0584042503E803994A00210846AF
:1040E00001F098FC0021974D2970974B19700091B1
:1040F00033460E22012001F0A5FC2870FF2802D0D3
:10410000914B01221A70914B00221A70D3E6904B0A
:104110001888FEF7B7F8B0F5967F7FF6D1AE8D4BD5
:104120001A888B4B1A80874D2B78009333460E22CA
:104130000021012001F086FC2870C1E6012C24D06A
:10414000854B9B78012B55D1844B1B8813F4804FF2
:1041500045D10023824A8349097883480078FFF7D4
:10416000B7FA804B00221A702021804803F05AFBD6
:10417000002840F0D3837E4B1B6801337D4A934275
:1041800040F2D48300230224D0E37B4B00221A8028
:10419000714BB3F8443013B9774B01221A800023D6
:1041A000764A1370764A1380764B05221A806E4B3E
:1041B0001A700DF10F0201213820F9F7BBFE9DF8AE
:1041C0000F4034B1654A138843F004031380002480
:1041D000B6E7624A138823F004031380B0E7694B03
:1041E00005221A80604B1A705C4A138823F48043BE
:1041F0001380AEE70023644A5A4909785A48007888
:10420000FFF766FAADE7012C0AD000235F4A554D4F
:10421000297855480078FFF75BFA00232B70A3E755
:10422000554B00221A804C4BB3F8443013B9524B13
:1042300001221A800023514A1370514A1380514BB6
:1042400002221A80484B1A700DF10F02012138200A
:10425000F9F770FE9DF80F4034B1404A138843F0DF
:10426000040313800024D0E73C4A138823F004039E
:104270001380CAE7012C0ED0374B5878FEF7E4F9CB
:104280000023434A374D297837480078FFF720FA52
:1042900000232B7068E70024374B1C80394B062223
:1042A0001A80314B1A704FF00002344B1A70344BA5
:1042B0001C80384B1C80384B01221A80DCE7012C13
:1042C00016D0264A138843F004031380254D2B781B
:1042D0001E461846FEF7A8F81C4F3B782F4A314679
:1042E00021480078FFF7F4F9387000232B703BE782
:1042F0000024224B1C70224B1C80224B07221A8068
:10430000194B1A70234B1C80234B01221A80D8E7CB
:10431000012C47D0114A138843F004031380114D38
:104320002B781E461846FEF77FF800231C4A3146BC
:104330000D480078FFF7CCF900232B7014E700BF7D
:10434000DC9601088A1500208915002088150020B8
:1043500086150020F41900202C170020101A0020C8
:10436000349D0108841500201C000020000C014031
:1043700080150020400D030018170020161700209C
:10438000141700201E000020E89D0108AC9D0108C4
:10439000A89C0108121700201A00002040A0010864
:1043A000E0A001080024904B1C70904B1C80904BA7
:1043B00004221A808F4B1A708F4B1C808F4B012266
:1043C0001A80A7E7012C11D08D490A8842F0040217
:1043D0000D460A804033D8B2FEF710FC2B8813F04C
:1043E000400F13D0874B01221A70BDE600247E4A8D
:1043F00014707E4A14807E4A062111807D4A117015
:104400007D4A14807D4A01211180DDE77D4B1B78B8
:104410007D4A7E49097877480078FFF759F97C4B47
:104420001B7813F0010F14BF5522FF22794B83F83C
:104430003A200023754A1370724A137094E6012CD7
:1044400007D07549714D2878FFF704FD00232B70C4
:104450008AE6724A00211180714A128A12B96F4AA3
:10446000012111806F4A5521117000225E490A70A6
:104470005E490A805E49052008805E4908705E49F1
:104480000A805E4A012111801C46DAE7012C07D020
:1044900065495E4D2878FFF7DDFC00232B7063E64D
:1044A0005E4B00221A805E4B1B8A13B95B4B0122C4
:1044B0001A805C4B55221A7000244B4B1C704B4BDE
:1044C0001C804B4B07221A804A4B1A704A4B1C80A7
:1044D0004A4B01221A80DBE7012C07D053494B4D90
:1044E0002878FFF7B7FC00232B703DE64B4B0022EA
:1044F0001A804B4B1B8A13B9484B01221A80494B37
:1045000055221A700024384B1C70384B1C80384BD5
:1045100009221A80374B1A70374B1C80374B012207
:104520001A80DBE7012C10D0354A138843F00403CE
:1045300015461380FF20FEF761FB2B8813F0400F18
:1045400014D0304B01221A700EE60024264B1C704A
:10455000264B1C800123264A13804FF00101254A77
:104560001170254A1480254A1380DDE7254D2B78EC
:104570002F4A264E31781F480078FFF7A9F800230C
:1045800033702B70F0E5012C0CD0FEF71DFA0023E0
:10459000284A1E4D297817480078FFF799F800231C
:1045A0002B70E1E51D4B00221A801A4BB3F8443002
:1045B00013B91A4B01221A8000240B4B1C700B4BB1
:1045C0001C800B4B02221A800A4B1A70DDE7012C6B
:1045D00034D00023184A0D4D297806480078FFF79B
:1045E00077F800232B70BFE5161700201417002062
:1045F0001E0000201C000020121700201A000020BE
:10460000101A0020881500201C9C01088415002029
:10461000280400202C170020609E01081817002095
:10462000E0160020DE160020D89E0108789F0108C1
:10463000549B01087C9B01082C9B0108944B002291
:104640001A80944BB3F8443013B9914B01221A806D
:104650000024914B1C70914B1C80914B01221A80BD
:10466000904B1A70B5E7012C0AD000238E4A8F4D6B
:1046700029788C480078FFF72BF800232B7073E51E
:10468000834B00221A80834BB3F8443013B9804B1C
:1046900001221A800024804B1C70804B1C80804BB0
:1046A00001221A807F4B1A70DFE7012C0ED0FEF733
:1046B000BBF8FEF789F900237D4A7C4D29787948BB
:1046C0000078FFF705F800232B704DE5704B0022B2
:1046D0001A80704BB3F8443013B96D4B01221A8025
:1046E00000246D4B1C706D4B1C806D4B02221A8098
:1046F0006C4B1A70DBE7012C0ED0FEF745FC6D4DBC
:104700002B786D4A694E317866480078FEF7E0FFF5
:1047100028700023337027E500245F4B1C705F4B2B
:104720001C805F4B05221A805E4B1A70E5E7012C56
:1047300007D062495D4D2878FFF78CFB00232B7072
:1047400012E5534B00221A805D4B1B8A13B9504B64
:1047500001221A805B4B55221A7000244E4B1C70AC
:104760004E4B1C804E4B09221A804E4B1A70564BF2
:104770001C80564B01221A80DBE7012C15D0504DCE
:10478000288A04F0DBFB04F049F83FA3D3E90023B7
:1047900004F09CF804F0ACFA28844D49434D287885
:1047A000FFF758FB00232B70DEE4394B00221A8000
:1047B000434B1B8A13B9364B01221A80414B5522B9
:1047C0001A700024344B1C70344B1C80344B05226F
:1047D0001A80344B1A703C4B1C803C4B01221A80CF
:1047E000CDE7012C07D03B49304D2878FFF732FB4D
:1047F00000232B70B8E4264B00221A80304B1B8A12
:1048000013B9234B01221A802E4B55221A70002413
:10481000214B1C70214B1C80214B0B221A80214BF9
:104820001A70294B1C80294B01221A80DBE7012CCE
:104830000ED0FEF7C3FB1F4D2B78274A1B4E317855
:1048400018480078FEF744FF2870002333708BE48B
:104850000024114B1C70114B1C80114B05221A8037
:10486000104B04221A70E4E7012C39D0114D2B783B
:104870001A4A0E4E31780B480078FEF729FF28704F
:104880000023337070E400BF0AD7A3703D8A234031
:10489000181700202C1700201617002014170020CE
:1048A0001E0000201C000020F49B0108841500203D
:1048B000B89B010888150020B49A0108789F010868
:1048C000E0160020DE160020121700201A0000203B
:1048D0003C9A0108E8980108D899010898980108BD
:1048E000204B00221A80204BB3F8AA3013B91D4B7D
:1048F00001221A8000241D4B1C701D4B1C801D4B77
:1049000003221A801C4B1A701C4B1C801C4B01226A
:104910001A80ABE7012C08BF002425E4194B1B6863
:10492000642B02D9184B01221A700023154A136018
:10493000164B1B68C3F30013154A12789A420ED027
:10494000124B1B68C3F30011114A117013F0100FC2
:1049500014BFFF22202201210F2000F05DFA204623
:1049600005B0F0BD181700202C17002016170020E6
:10497000141700201E0000201C0000201217002029
:104980001A00002080150020841500205C150020EE
:104990007C150020431EDBB2032B0CD8032808D063
:1049A000042808BF08204000C0B2C82303FB00F061
:1049B00070470420F7E70120F7E7000038B5044608
:1049C000000EFFF7E7FF054624F07F43984238BF0B
:1049D00060F3170424F07F4004F0B0FA0446284640
:1049E00004F0ACFA0146204604F0B4FB0B4904F095
:1049F000FDFA04F04BFC0A4A00231168814205D8F5
:104A0000043201331A2BF8D1192006E013F0FF000D
:104A100014BF01230023C01AC0B238BD00004845AE
:104A2000CC97010810B5104C00224FF400712046BD
:104A300002F0FEFE00224FF48071204602F0F8FEE4
:104A400004F5006400228021204602F0F1FE0122DC
:104A50004FF48071204602F0EBFE00224FF400710B
:104A6000204602F0E5FE10BD00080140044B1B8803
:104A70009BB223B1024A1388013B9BB2138070475B
:104A8000121A002038B504460D4600224FF48071FA
:104A9000304802F0CDFE012D33D014F0010F0CBFD1
:104AA000002201224FF480512B4802F0C1FE14F085
:104AB000020F0CBF002201224FF40061264802F0D1
:104AC000B7FE14F0040F0CBF002201224FF48061E6
:104AD000214802F0ADFE14F0080F0CBF00220122A5
:104AE0004FF400711C4802F0A3FE1A4C01228021F1
:104AF000204602F09DFE00228021204602F098FE12
:104B000038BD14F0100F0CBF002201224FF4805169
:104B1000114802F08DFE14F0200F0CBF002201227C
:104B20004FF400610C4802F083FE14F0400F0CBFFC
:104B3000002201224FF48061074802F079FE14F050
:104B4000800F0CBF002201224FF40071024802F0D6
:104B50006FFECAE7001001400014014070B582B03A
:104B600006464FF00004334D01224FF48071284671
:104B700002F05EFE01228021284602F059FE4FF429
:104B8000F053ADF8043003238DF8063048238DF838
:104B9000073001A9284802F0E8FD012E2BD0264D50
:104BA0004FF48051284602F03DFE60F300044FF4BC
:104BB0000061284602F036FE60F341044FF4806144
:104BC000284602F02FFE60F382044FF4007128465D
:104BD00002F028FE60F3C30410238DF8073001A90A
:104BE000154802F0C2FD00228021124802F020FE8A
:104BF000E0B202B070BD05F580654FF480512846E3
:104C000002F010FE60F304144FF40061284602F035
:104C100009FE60F345144FF48061284602F002FE5D
:104C200060F386144FF40071284602F0FBFD60F338
:104C3000C714D1E70010014000140140F8B580B25C
:104C4000264B1880264B93F90030002B0ADA234AB2
:104C500013889BB2002BFBD1214A137823F08003E9
:104C60001370F8BD1F4C01224FF48051204602F012
:104C7000DFFD01224FF40061204602F0D9FD012240
:104C80004FF48061204602F0D3FD01224FF4007101
:104C9000204602F0CDFD124A137843F080031370D2
:104CA00013F0800FD8D00D4D0F4F16462B889BB2B6
:104CB000002BD1D000224FF40071384602F0B8FD2D
:104CC0000120FFF74BFF04460020FFF747FF20437A
:104CD000C0B2307010F0800FE8D1BDE7121A00208A
:104CE000141A0020001401400010014010B50446C1
:104CF0000846FFF7A3FF00224FF40071054802F0B9
:104D000097FD01212046FFF7BDFE00212046FFF759
:104D1000B9FE10BD0010014008B5054A137843F0F4
:104D20008003137064210120FFF7E0FF08BD00BF7E
:104D3000141A002008B501224FF40071274802F030
:104D400077FD274B32221A801A4613889BB2002B1C
:104D5000FBD1244B00221A70214B64221A801A4680
:104D600013889BB2002BFBD11A464FF400711E48EA
:104D700002F05EFD01212020FFF784FE184B0A227D
:104D80001A801A4613889BB2002BFBD1FFF7C4FF91
:104D9000144A137823F0800313700A212820FFF7A8
:104DA000A5FF0A210C20FFF7A1FF0A210620FFF72B
:104DB0009DFF0A210120FFF799FFFFF7ADFF084B88
:104DC00064221A801A4613889BB2002BFBD1054A35
:104DD000137823F08003137008BD00BF0008014062
:104DE000121A0020141A00200010014010B50446C9
:104DF0000846FFF723FF01224FF40071054802F037
:104E000017FD01212046FFF73DFE00212046FFF758
:104E100039FE10BD0010014010B51446023100EB00
:104E200081106421C0B2FFF761FF64212046FFF7C3
:104E3000DDFF10BD70B504460E46130903F13000C6
:104E400003F1370102F00F0303F130053733392D39
:104E500088BF1D46392894BF02460A46314620467F
:104E6000FFF7DAFF601C2A463146C0B2FFF7D4FFD5
:104E700070BD70B506460D461446C2F30722FFF713
:104E8000D9FF30460230E2B22946C0B2FFF7D2FF66
:104E900070BD00002DE9F04F83B004460D46134667
:104EA000560A454AA2FB06620192D609434F07FB08
:104EB0001636434BA3FB063B4FEA5B63414F07FBB0
:104EC0001363414EA6FB03694FEA99563F4F07FB18
:104ED00016363F4BA3FB0637BB0CDFF8F8C00CFBC4
:104EE00013634FEA531C3C4EA6FB0CC64FEAD61C7C
:104EF000DFF8E8E00EFB1C3C394BA3FB0C3E4FEA0D
:104F00005E3342F2107808FB13C3DFF8D8C0ACFB65
:104F100003C84FEA981A4FF47A7C0CFB1A3A324BCA
:104F2000A3FB0A3C4FEA5C13642202FB13A34FEA83
:104F30009959BF0C07EB09175FFA87FAF6094FEA90
:104F40005E3E0EEB061E5FFA8EF94FEA98184FEAA6
:104F50005C1606EB0816F6B2244FA7FB037C4FEA5B
:104F6000DC0C0CEB8C07A3EB470707EB0C17FFB22D
:104F7000019BDA094FEA5B6B0BEB0212FFF75AFF5A
:104F8000A01C52462946C0B2FFF754FF201D4A46D6
:104F90002946C0B2FFF74EFFA01D32462946C0B2D7
:104FA000FFF748FF04F108003A462946C0B2FFF770
:104FB00041FF03B0BDE8F08F834B040000CA9A3B69
:104FC000893BE65500E1F5056BCA5F6B809698005A
:104FD00083DE1B4340420F00C55A7C0AA0860100B5
:104FE0005917B7D1D34D62101F85EB51CDCCCCCC26
:104FF0002DE9F04F83B00646884618460093C14B12
:10500000A3FB02135D0BC3F347339B4642F21073BD
:1050100003FB1525ADB2BC4BA3FB0515AD09A3FBE6
:1050200002139B094FF47A7101FB132292B2B74B22
:10503000A3FB02394FEA5913C9F34719642101FB55
:105040001324A4B2B24FA7FB0437FB08C7F3C7076A
:1050500003EB8303A4EB4304E4B2831E0A2B00F2A8
:10506000CB84DFE813F0B1046C045704020454034A
:10507000B8022B025701E400B2000B005B4633BBC1
:10508000002D60D1B9F1000F40F084802E224146FE
:105090003046FFF7C1FE07F13002701CD2B2414624
:1050A000C0B2FFF7B9FEF51CEDB204F13002B01C3E
:1050B000D2B24146C0B2FFF7AFFE371DFFB2202289
:1050C00041462846FFF7A8FE01239B4634E05A4696
:1050D0003032D2B241463046FFF79EFE701C05F1D9
:1050E00030024146C0B2FFF797FE06F1030A5FFAAD
:1050F0008AFA09F13002B01CD2B24146C0B2FFF7C1
:105100008BFE2E2241465046FFF786FE07F1300205
:10511000301DD2B24146C0B2FFF77EFEB71DFFB2CE
:1051200004F13002701DD2B24146C0B2FFF774FEE6
:10513000002D3AD000239B46B9F1000F38D05B46D2
:10514000FF1AFFB2D3E305F1300241463046FFF7C4
:1051500063FE09F13002701CD2B24146C0B2FFF7C3
:105160005BFEB01C2E224146C0B2FFF755FE07F190
:105170003002F01CD2B24146C0B2FFF74DFE771D9F
:10518000FFB204F13002301DD2B24146C0B2FFF787
:1051900043FED1E7751CEDB209F13002D2B24146AF
:1051A0003046FFF739FE2E4670E73D46564684E707
:1051B0007C1CE4B2202241463846FFF72DFE5B46B8
:1051C0000133DBB29B462746B9E7B9F1000F10D196
:1051D00017BB2E2241463046FFF71EFEB71CFFB21A
:1051E00004F13002701CD2B24146C0B2FFF714FE87
:1051F0007DE3751CEDB209F13002D2B24146304672
:10520000FFF70AFE0236F6B207F13002D2B241468B
:105210002846FFF701FEDCE7751CEDB207F130020E
:10522000D2B241463046FFF7F7FD2E46D1E745BBE7
:10523000B9F1000F39D12E2241463046FFF7ECFD7F
:1052400006F1020A5FFA8AFA07F13002701CD2B244
:105250004146C0B2FFF7E0FD274317F0FF0F31D002
:10526000F71CFFB204F13002D2B241465046FFF7BC
:10527000D3FD00247DB3B9F1000F37D03F1BFFB23F
:1052800035E306F1010A5FFA8AFA05F13002414678
:105290003046FFF7C1FD0236F6B209F13002D2B254
:1052A00041465046FFF7B8FDC5E706F1010A5FFA2F
:1052B0008AFA09F13002D2B241463046FFF7ACFD1E
:1052C0005646B8E7F71CFFB2202241465046FFF78A
:1052D000A3FD0124CEE77D1CEDB2202241463846D5
:1052E000FFF79AFD0134E4B22F46C4E77D1CEDB20E
:1052F000202241463846FFF78FFD0134E4B22F46A5
:10530000BCE700BF5917B7D1D34D62101F85EB51D1
:10531000CDCCCCCC5B46002B33D12E22414630463F
:10532000FFF77AFD06F1020A5FFA8AFA701C05F1AE
:1053300030024146C0B2FFF76FFDB9F1000F2DD129
:10534000002F75D1002C00F0998030224146504644
:10535000FFF762FDF01C30224146C0B2FFF75CFD52
:10536000751DEDB204F13002301DD2B24146C0B21B
:10537000FFF752FD5B46002B00F09580EF1BFFB25C
:10538000B5E206F1010A5FFA8AFA0BF13002D2B2F5
:1053900041463046FFF740FD5646BEE7F51CEDB2EC
:1053A00009F13002D2B241465046FFF735FD87B9C8
:1053B0007CB3302241462846FFF72EFD751DEDB225
:1053C00004F13002301DD2B24146C0B2FFF724FDD5
:1053D000D0E706F104095FFA89F907F13002D2B289
:1053E00041462846FFF718FD54B1751DEDB204F192
:1053F0003002D2B241464846FFF70EFD0027B9E71A
:10540000751DEDB2202241464846FFF705FD2746AF
:10541000B0E7202241462846FFF7FEFC751DEDB29D
:10542000301D20224146C0B2FFF7F6FC2746A1E717
:10543000302241465046FFF7EFFC06F1040A5FFABE
:105440008AFA07F13002F01CD2B24146C0B2FFF72F
:10545000E3FC54B1751DEDB204F13002D2B2414605
:105460005046FFF7D9FC4F4684E7751DEDB2202268
:1054700041465046FFF7D0FC27467BE720224146B5
:105480005046FFF7C9FCF01C20224146C0B2FFF78E
:10549000C3FC751DEDB2301D20224146C0B2FFF79E
:1054A000BBFC032766E76C1CE4B220224146284679
:1054B000FFF7B2FC0137FFB225465FE75B46002BE2
:1054C00034D1002D46D12E2241463046FFF7A4FCB0
:1054D00006F1020A5FFA8AFA09F13002701CD2B2B0
:1054E0004146C0B2FFF798FC002F3FD1002C5BD0A3
:1054F000302241465046FFF78FFC371DFFB204F1C2
:105500003002F01CD2B24146C0B2FFF785FC5B46C8
:10551000002B57D0002D40F0EA817C1CE4B2202201
:1055200041463846FFF778FC2746E0E106F1010ADC
:105530005FFA8AFA0BF13002D2B241463046FFF7E9
:105540006BFC0236F6B205F1300241465046FFF7D9
:1055500063FCB8E706F1010A5FFA8AFA05F1300246
:1055600041463046FFF758FC5646ACE706F10309C2
:105570005FFA89F907F13002D2B241465046FFF78F
:105580004BFC4CB1371DFFB204F13002D2B24146A0
:105590004846FFF741FCBAE7371DFFB220224146DB
:1055A0004846FFF739FCB2E7202241465046FFF754
:1055B00033FC371DFFB2F01C20224146C0B2FFF77A
:1055C0002BFCA4E77C1CE4B2202241463846FFF7BE
:1055D00023FC27469EE7EDB9B9F1000F43D1002F18
:1055E00062D104F13002D2B241463046FFF714FCDA
:1055F000701C20224146C0B2FFF70EFCF51CEDB234
:10560000B01C20224146C0B2FFF706FC002F56D046
:10561000022725E005F1300241463046FFF7FCFB4A
:1056200009F13002701CD2B24146C0B2FFF7F4FB60
:1056300007F13002B01CD2B24146C0B2FFF7ECFB1A
:10564000351DEDB204F13002F01CD2B24146C0B2B9
:10565000FFF7E2FBB9F1000F3BD0002F4DD0002740
:10566000EF1BFFB243E109F13002D2B241463046AE
:10567000FFF7D2FB07F13002701CD2B24146C0B234
:10568000FFF7CAFB04F13002B01CD2B24146C0B2EF
:10569000FFF7C2FB351DEDB2F01C20224146C0B21F
:1056A000FFF7BAFB0127DBE7751CEDB207F130020B
:1056B000D2B241463046FFF7AFFB2E4691E7341D8C
:1056C000E4B2202241462846FFF7A6FB25460327E1
:1056D000C6E7741DE4B2202241462846FFF79CFB32
:1056E00017B125460127BBE7B51DEDB22022414683
:1056F0002046FFF791FB0227B2E7741DE4B2202297
:1057000041462846FFF788FB25460127A8E71DBB31
:10571000B9F1000F4FD1002F74D12E2241463046EF
:10572000FFF77AFB04F13002701CD2B24146C0B2DE
:10573000FFF772FBB01C20224146C0B2FFF76CFBA2
:10574000351DEDB2F01C20224146C0B2FFF764FBCC
:10575000002F62D002272BE005F13002414630468F
:10576000FFF75AFB09F13002701CD2B24146C0B2B9
:10577000FFF752FB07F13002B01CD2B24146C0B273
:10578000FFF74AFBF01C2E224146C0B2FFF744FB54
:10579000751DEDB204F13002301DD2B24146C0B2E7
:1057A000FFF73AFBB9F1000F41D0002F53D000278B
:1057B000EF1BFFB29BE009F13002D2B24146304606
:1057C000FFF72AFB07F13002701CD2B24146C0B28B
:1057D000FFF722FBB01C2E224146C0B2FFF71CFB94
:1057E00004F13002F01CD2B24146C0B2FFF714FB04
:1057F000751DEDB2301D20224146C0B2FFF70CFBF3
:105800000127D5E7751CEDB207F13002D2B241464F
:105810003046FFF701FB2E467FE7741DE4B22022DD
:1058200041462846FFF7F8FA25460327C0E7B41D8E
:10583000E4B2202241462846FFF7EEFA17B125468A
:105840000127B5E7F51DEDB2202241462046FFF7BE
:10585000E3FA0227ACE7B41DE4B220224146284611
:10586000FFF7DAFA25460127A2E75B46002B42D173
:10587000002D00F0C5804FF0010A731CDBB20193CC
:1058800005F1300241463046FFF7C6FAB9F1000F84
:1058900040F08980BAF1000F5FD10198461CF6B242
:1058A00009F13002D2B24146FFF7B6FA751CEDB2EB
:1058B00007F13002D2B241463046FFF7ADFA6F1C15
:1058C000FFB204F13002D2B241462846FFF7A4FAF3
:1058D000BAF1000F0BD000242025E0192A464146DA
:1058E000C0B2FFF799FA0134E4B25445F5D3384613
:1058F00003B0BDE8F08F06F1010A5FFA8AFA0BF1F6
:105900003002D2B241463046FFF786FA56464FF093
:10591000000AB2E785B9AA460AF1010AB9F1000FF7
:105920002CD0751CEDB209F13002D2B2414630469E
:10593000FFF772FA2E46B9E74FF0000A9DE7B9F17A
:10594000000F60D109F1010A5FFA8AFA002FADD188
:10595000009B032B20D8574637E075B10198461CB1
:10596000F6B209F13002D2B24146FFF755FA002FE4
:105970009CD1B9F1000F99D1EAE7019E009B052B5C
:1059800001D0D146DEE75B46002B40D10AF1010A87
:105990005FFA8AFA002F89D1002D87D1009B052B51
:1059A00021D0574611E00236F6B209F13002D2B2E8
:1059B00041460198FFF730FA002F7FF477AFBAF134
:1059C000000F3FF473AFD4E79FB907F1010A5FFA04
:1059D0008AFA771CFFB204F13002D2B24146304657
:1059E000FFF71AFA77E75B46002B7FF45FAF574665
:1059F000EBE74FF0000A59E735464FF0000A5EE743
:105A00004FF0010A88E701964FF0000A45E701963A
:105A1000A4E700BFF8B505460F46164600240CE083
:105A200039462846FFF7F8F90135EDB20F2D03D9B5
:105A3000B7FA87F77F0900250134E3B2F25C002A48
:105A4000EED1F8BD2DE9F0418CB0074688461D46E1
:105A50009DF848600023D9B2695CB1B30133D9B273
:105A60008A42F8D20DF103010DF12B048E4620205D
:105A70000EF1010EF4460CF80109ACEB010C5FFAD3
:105A80008CFC62458CBF9EF800C04FF0000C8EF875
:105A900000C0A645ECD100238DF82C30B2423FD394
:105AA000901BC0B21946904228BF024629D201ABD2
:105AB000C3180DF10504044402F1FF3CACEB0000F7
:105AC000C0B204444FF0200C15E02A464146384647
:105AD000FFF7A0FFFF2420460CB0BDE8F08101AA2B
:105AE00041463846FFF796FFF5E718700131C9B215
:105AF0000133A34205D0685C0028F6D183F800C0CA
:105B0000F6E702F130030DEB0302002302F82C3C10
:105B1000741CE4B201AA41463846FFF77BFFDAE77E
:105B2000B11AC9B26C5C002CD9D00020BBE70728A1
:105B300000D9704710B50C460830C000642100F051
:105B4000F800FFF7D3F864212078FFF74FF96421BC
:105B50006078FFF74BF96421A078FFF747F96421DB
:105B6000E078FFF743F964212079FFF73FF96421DA
:105B70006079FFF73BF96421A079FFF737F96421D9
:105B8000E079FFF733F910BD10B50D4C2146002028
:105B9000FFF7CDFF04F108010120FFF7C8FF04F172
:105BA00010010220FFF7C3FF04F118010320FFF7E3
:105BB000BEFF04F120010420FFF7B9FF10BD00BFB4
:105BC0007098010800B5531E13F0FF0E0FD000EBC4
:105BD0004E03A0F1020C0CEB4E0C023AD2B2ACEB2D
:105BE000420C33F8022C23F802296345F9D10180D5
:105BF00000BD00B5531E13F0FF0E0FD000EB8E0357
:105C0000A0F1040C0CEB8E0C023AD2B2ACEB820C7D
:105C100053F8042C43F804296345F9D1016000BD11
:105C2000A9B110B50C46844600EB810200239E46C4
:105C30005CF8040BC0184EF1000103468E469445F3
:105C4000F6D12246002303F091FB80B210BD084636
:105C50007047002A04DD024400F8011B8242FBD198
:105C600070470000074A137823F002031370064BB5
:105C700000221A805A601A815A819A81034B1A7045
:105C8000704700BF401A0020981E0020581A0020BC
:105C900001281ABF084B1A890A22074B01211980D3
:105CA0005A601A815A819A81044A137803F0FE03DC
:105CB00023F0100313707047881E0020401A002044
:105CC000024B1A895A819A81704700BF981E0020A2
:105CD0001D4B1B7813F0010F25D013F0100F0BD1C3
:105CE000194A137843F010031370184B00225A60BE
:105CF0001A801A815A819A81144A53680344536066
:105D00001288042A14D9114A11895B1A53600F4B67
:105D100019885A68B2FBF1F21A815B8983420BD26F
:105D20000A4B58817047084A43F0010313707047CB
:105D30000132064B1A80EAE7044B9B89834284BFF9
:105D4000024B9881704700BF401A0020881E002037
:105D5000154B1B7813F0020F16D0144A53680344F6
:105D600053601288382A14D9104A11895B1A53607B
:105D70000E4B19885A68B2FBF1F21A815B89834293
:105D80000BD20A4B58817047074A43F00203137045
:105D900070470132054B1A80EAE7044B9B89834226
:105DA00084BF024B98817047401A0020981E002043
:105DB00001281ABF074B1A891622064B0121598167
:105DC00019801A819A815A60034A137823F00803D4
:105DD00013707047741E0020401A002010B5FFF7A2
:105DE00041FF0020FFF7E4FF0020FFF751FF0024F0
:105DF000084B1C702C2221460748FFF72AFF44223B
:105E000021460648FFF725FF042221460448FFF7F4
:105E100020FF10BD281F0020F01E0020AC1E002017
:105E2000A81E0020194B1B7813F0080F09D1174A40
:105E300043F008031370164B00225A601A805A81EF
:105E40001A81134A5368034453601288022A18D9EE
:105E50000F4A518902EB410189895B1A53600C4A50
:105E6000538902EB4302908101339BB2032B28BF7D
:105E70000023074A538111885368B3FBF1F3138160
:105E800070470132024B1A80E9E700BF401A002038
:105E9000741E00202DE9F0411F48811E00F5FF709F
:105EA0004FF4FA621D4CA4FB02535B0903F2C623B4
:105EB00021F8023FC8328142F5D1DFF864E0DFF813
:105EC00064C04FF4FA601849184E48F6B8054CF60D
:105ED000D0740A460029B8BF01F2FF72D21200FB4B
:105EE00002F263460EF1020E1746002AB8BF02F214
:105EF000FF7786FB0C826244DB17C3EBA21303EB34
:105F0000E723AEF80030A1F5A8416039C830AC44B1
:105F1000A042DED1BDE8F081741C0020F1F0F0F069
:105F2000721A00203057050040B4FCFF09040281BA
:105F300008B540F2044200210648FFF78AFEFFF749
:105F400091FE0120FFF734FF0120FFF7A1FEFFF7CC
:105F5000A1FF08BD281F0020024A13680133136007
:105F6000704700BF501A002000230A4A13600A4AF3
:105F700013600A4A13600A4A13600A4A13700A4AF5
:105F800013700A4A13700A4A13700A4A13700A4AB5
:105F900013707047501A0020541A00206C1A002009
:105FA000701A00204D1A00204C1A00204B1A0020B5
:105FB0004A1A0020491A0020481A00200D4BB3F855
:105FC000E6200D4B1B8902FB03F30C4AB2F8E600F6
:105FD00000EB9310642303FB00F0094BA3FB00309C
:105FE000C00A084B03FB00F0074BA3FB0030800DF9
:105FF000704700BF741A0020741E0020741C00201B
:10600000F7B5EAD8D0EE18006BCA5F6B9A4B1B78D5
:10601000002B40F030812DE9F04782B00546964BC9
:1060200001221A70954B1E6895490A68A2FB02244A
:1060300083080B6003FB03F39B1A64EB4404A10089
:1060400041EA93719A00D21844EB0104640144EAD6
:10605000D2645301019300228A4B1A60DFF8288230
:106060008A4B1889D8F80010D8F80420A1FB001337
:1060700000FB0233890941EA8361854F38687A68F9
:10608000091842EB9312834B1B78A1FB030103FB1E
:1060900002118A0042EA907283001B1841EB02024F
:1060A000D20042EA5372DB001B1A62EB01021201BA
:1060B00042EA13721B011B1841EB0201D81840F68B
:1060C00071124FF00003494103F050F982468946AE
:1060D00040F6711200230198214603F0F7F8534669
:1060E00018184B4643EB01010C4600220023C8E977
:1060F0000023C7E90023684B1B68002B00F0AA802F
:10610000F31A664A13600029C0F2B3800318644191
:106110001B1841EB0404E20042EA5372DF00DB1972
:1061200044EB0204A20042EA93729B001B1841EB6D
:106130000201CA0042EA5372D8001B1841EB020167
:10614000CC1704F02107C3F31302180D40EA013005
:10615000C0F313000244C1F31320024402EB117296
:106160003A444F48A0FB0270C00800EB800000EBEF
:106170008000121A24F0170422449B1A61EBE2718A
:10618000484A494803FB00F002FB0101A3FB02322D
:106190000A441446002A68DB9B0843EA8473A4106F
:1061A000D81844EB0401C01844EB01014A0142EA4B
:1061B000D0624701C01941EB0201C0184FF47A7256
:1061C0004FF0000344EB010103F080F8334B1A68F1
:1061D0005308053041F1000118184FF0000341F158
:1061E000000103F073F880B2304B18602B4B1A6833
:1061F0004EF6602303EB5203B3FBF2F32C4A137009
:106200002C4C2080FFF7DAFE608005EB85035B00F5
:10621000294AA2FB0323DB0A03FB05F5274B1B6876
:1062200003EB9503264A1268B21AB3FBF2F303EBB1
:10623000032203EB82035B09642202FB03F35B0B83
:10624000204A1360144B1E600B4B00221A7002B0E0
:10625000BDE8F087642206FB02F21B4BA3FB02732E
:10626000D21A03EB52035B094BE7033342F10004FC
:1062700092E70020B7E770475B1A0020501A002011
:106280005C1A0020701A0020381A0020741E0020AA
:10629000301A00202C1A0020601A0020441A002016
:1062A0001F85EB51295C8FC2F5285C8F641A002092
:1062B000241F0020201F0020F7B5EAD86C1A002008
:1062C000541A0020681A00209F12E429F8B50D46E0
:1062D000704C01FB04F4012838BF0120B4FBF0F43A
:1062E000A4B2B4F5FA6F38BF4FF4FA644CF60873F1
:1062F0009C4228BF1C46684B1C80A4B22046FFF776
:1063000027FDA4F26C73654A82FB0312DB17C3EB13
:10631000A2131BB283F30806614B1B78022B3AD001
:10632000604B00221A70604B1B78002B00F09080AD
:106330005E4B33F816405E4B188904FB00F05D4A53
:10634000136851681B1941F10001136051605A4BE9
:1063500033F8163059490A684C68D21844F10004E1
:106360000A604C6003EBA01305FB03F3544A15705D
:1063700040F2E24202FB03F3524AA2FB03235249DA
:106380000A6802EBD3220A60504A126802EB5333C8
:106390004E4A1360F8BD444B00221A70414B1B78E3
:1063A0007BB14B4B19880F464A4B1A88914217D044
:1063B000494B1B88994218D03B460133444A13800D
:1063C000B6E7464B1C60464A136801331360354BF1
:1063D00001221A702046FFF719FEFFF771FCE0E773
:1063E000404B1C80404B1C60E6E73E4909883F4813
:1063F00004608C42E0D201FB01F004FB14009B1A04
:1064000005FB03F3C3EB431203EB8203B0FBF3F092
:10641000631843F34F03A3F26C73204A82FB031209
:10642000DB17C3EBA2131BB223EAE373224A32F851
:106430001320801A80011D4A32F81330B0FBF3F0AC
:10644000831EB3F59F7FB7D280B2FFF7EBFCB3E7B3
:106450001F4C2078FFF73CFC00232380244B1B8932
:106460001C4A012111801A2203FB02F2D209C3EB5C
:10647000C3031B118A42ACBF9B185B189BB2022B53
:1064800038BF0223144A13804FF00102064B1A70E2
:106490004EE700BF00E86E031A1A00201F85EB517B
:1064A000281F00205A1A0020591A0020741A0020B0
:1064B000741E0020381A0020741C0020301A00209E
:1064C0002C1A0020F7B5EAD8701A00206C1A0020A8
:1064D000181A00202200002020000020201A00208E
:1064E0001C1F0020161A0020281A0020241A002041
:1064F000881E0020000000002DE9F0410446A04B5A
:106500001B78002B78D09F4A1388234498B21080C0
:106510009D4B19780131C9B21970092900F299808F
:106520009A4E96F828103046FFF77AFB05469849B0
:10653000B1FBF4F196F82830092B00F29280581C38
:1065400086F8280046F82310904890F82810FFF7A6
:1065500067FB0446854280F089808E4A0023D37011
:1065600053780133DBB25370082B40F27281894BB0
:1065700008225A70DB78934200F28780854B012213
:106580001A7000229A70844B1B78012B40F0AF8068
:10659000A54280F0C080611B2819A0FB01017F4C3F
:1065A000A0FB040574A3D3E9002304FB015102F00E
:1065B000DDFE7B4CA0FB04057A4A002304FB01515D
:1065C00002F0D4FE0146784B1B7D042B00F2A5801F
:1065D000754A581C107542F823106E4B5B7823B136
:1065E0006C4B1B78002B00F09D806B4B1B78012BB4
:1065F00000F0AE80BDE8F081FFF7B6FC0126604BED
:106600001E706A4B1A686A4B1A600025694B1D6040
:10661000694B1D60694B1D60694B1D700022002392
:106620006849C1E900236849C1E90023674B1D603F
:10663000554B1D70534B1D8040F20442294656486D
:10664000FFF707FB624B1D70524B1E70524B1E70C2
:1066500059E7FFF73BFE4B4B00221A804A4B1A705A
:106660005EE70A224948FFF7C4FA6DE7854221D95F
:10667000484B00215970DA780132DA704A4B83F8BE
:106680004010444BDB78082B26D9424B0822DA70A5
:106690005B78072B3FF672AF3E4B01229A700022C7
:1066A0001A703D4B1B78022B3FF472AF3A4B02221B
:1066B0001A706DE7374B5B783BB10133DBB2354A7B
:1066C0005370082B3FF653AFDBE7324BDB781BB13F
:1066D0000133304AD370D4E72E4B5B78072B3FF65B
:1066E0004DAF2C4BDB78072B7FF652AFD4E72A4E09
:1066F0004FF0000373804FF4FF720021301DFFF74D
:10670000A8FA4FF4FF72002106F20220FFF7A1FA67
:10671000012333703CE7002155E705222248FFF7AB
:1067200068FA5AE7204C217D2046FFF779FA94F861
:106730004030092B06D8591C84F84010063344F821
:10674000230052E70A2201462248FFF752FA4CE79B
:10675000154C217D2046FFF763FA074694F8403038
:10676000002B5BD004F1180600250B4C231D03F50C
:10677000FF73984641E000BF007EB0650200000054
:10678000581A00201C1A00201E1A0020F01E00209B
:1067900000E86E03A81E0020281F002048650200A4
:1067A000886A9B03C0115A01AC1E0020501A0020B9
:1067B000601A0020701A0020641A00205C1A002061
:1067C0005B1A0020381A0020301A0020441A0020DA
:1067D000241F0020C41E0020FF2231882048FFF71C
:1067E000F1F9FF2246214046FFF7ECF90135043666
:1067F0001C4B93F84030AB420CDD6388FE2BEBD88A
:1068000004EB4302316891804621A2F80212013361
:106810006380EBE7134B002283F84020124B5B8828
:10682000FE2B09D8104A02EB43018F804620A1F8C5
:10683000020201335380DDE6094CFF22394620462F
:10684000FFF7C0F9FF22462104F5FF70FFF7BAF900
:10685000D0E6064B5B78072B7FF69AAE8EE600BF3C
:106860002C1F0020AC1E0020281F0020A81E002086
:106870000B4641B1022912D801280BD0013B0E4A28
:1068800032F813007047012804BF0C4B1A700B4BF1
:10689000187870470139084820F81120EEE70128E0
:1068A00004D0033B064A52F82300704703390448DA
:1068B00040F82120F5E700BF201F0020241F002002
:1068C0001C1F002008B520B9054A0121FFF7A2F8D6
:1068D00008BD044A01210020FFF79CF8F8E700BF3B
:1068E0009CA30108B0A3010838B5844608461546A4
:1068F0001C4662462946FFF78DF89DF81030012BA3
:1069000011D04F2229462046FEF786FA601C462207
:106910002946C0B2FEF780FAA01C46222946C0B222
:10692000FEF77AFA38BD4F2229462046FEF774FA60
:10693000601C4E222946C0B2FEF76EFAF2E738B567
:106940008446084615461C4662462946FFF762F80B
:106950000423BDF8102029462046FEF749FB601DA0
:106960000423BDF814202946C0B2FEF741FB38BD10
:1069700038B58446084615461C4662462946FFF748
:1069800049F80623BDF8102029462046FEF730FBC3
:10699000A01D0623BDF814202946C0B2FEF728FB2F
:1069A00038BD38B58446084614461D466246214621
:1069B000FFF730F80723BDF8102021462846FEF7E0
:1069C00017FB38BD38B58446084615461C46624656
:1069D0002946FFF71FF80323BDF81020294620465B
:1069E000FEF706FBA01D0323BDF814202946C0B204
:1069F000FEF7FEFA38BD38B58446084614461D46F3
:106A000062462146FFF706F80323BDF81020214611
:106A10002846FEF7EDFA38BD38B5844608461446D8
:106A20001D4662462146FEF7F5FF0623BDF81020FD
:106A300021462846FEF7DCFA38BD38B584460846BC
:106A400014461D4662462146FEF7E4FF0A23BDF8C0
:106A5000102021462846FEF7CBFA38BD38B58446CB
:106A6000084614461D4662462146FEF7D3FF0C2316
:106A7000BDF8102021462846FEF7BAFA38BD38B5D1
:106A80008446084614461D4662462146FEF7C2FF6C
:106A90000523BDF8102021462846FEF7A9FA38BD87
:106AA00038B58446084614461D4662462146FEF720
:106AB000B1FF0423BDF8102021462846FEF798FABE
:106AC00038BD38B58446084615461C4662462946F8
:106AD000FEF7A0FFBDF8102029462046FEF7C9F9B1
:106AE000201DC0B238BD70B58446084614461E4607
:106AF000049B9A781B8803EB024562462146FEF709
:106B000089FF2A4621463046FEF7C4F970BD0000D1
:106B10002DE9F0470C4615461E469A469DF824304E
:106B2000089A178897FBF3F25FFA82F803FB127753
:106B3000144AA2FB03239B0897FBF3F7FFB202461C
:106B400029462046FEF766FFB8F1000F0DD0344607
:106B50004644F6B24FF004094A4629462046FEF75D
:106B60005BF90134E4B2B442F6D10FB9BDE8F08765
:106B70007A1E50464044D2B22946C0B2FEF74CF9C4
:106B8000F4E700BFCDCCCCCC2DE9F04F83B000F0C2
:106B9000E5FC4FF4806001F007F8012140F27D2010
:106BA00000F0CAFF0121884800F0D4FF0121084607
:106BB00000F0B4FF03278DF806704FF00203ADF824
:106BC00004304FF004088DF807800DEB0804DFF85F
:106BD000FC912146484600F0C8FD7D4D002241460B
:106BE000284600F025FEADF8048010268DF80760D9
:106BF0002146284600F0B9FD4FF00802ADF8042008
:106C00008DF80780DFF8CCA12146504600F0ADFD9D
:106C10004FF00101ADF8041028238DF80730A5F5D9
:106C200080552146284600F0A0FDFFF7D7F8FFF772
:106C30007FF900222021284600F0FAFD2023ADF83C
:106C400004308DF806708DF807602146284600F064
:106C50008CFDFDF7E7FE8DF806708DF80760802348
:106C6000ADF804302146504600F07FFD4FF4807BA4
:106C7000ADF804B02146504600F077FD4FF40071A6
:106C8000ADF804102146504600F06FFDADF804B099
:106C90008DF807602146284600F067FD4FF400712B
:106CA000ADF804108DF807602146284600F05DFD20
:106CB0004FF4F053ADF804308DF806708DF807608E
:106CC0000AF5806A2146504600F04FFD8DF80670A7
:106CD0008DF80760ADF804B02146504600F045FD40
:106CE0004FF40043ADF804302146484600F03DFD26
:106CF0004FF48043ADF804302146484600F035FD9E
:106D000048238DF807304FF40053ADF80430214686
:106D1000484600F02AFD4FF00203ADF804308DF82C
:106D200006708DF807602146284600F01EFD4FF0E2
:106D30000802ADF804208DF807802146284600F0AF
:106D400014FDADF804808DF8067018238DF8073017
:106D50002146284600F009FD1F4C22460121322021
:106D6000F7F7E8F82378062B28D8F8F7A7F9F7F70C
:106D700029F9F6F739FAF6F735FE00F085FC174BDE
:106D80001B68174AA2FB03239B09013B4FF0E0223B
:106D90005361144BF02183F82310002393610723E0
:106DA0001361FDF7C7FFFEF7EFFE01224FF480717C
:106DB0000D4800F03DFD03B0BDE8F08FFD2BD4D0B1
:106DC000F8F73AF9D3E700BF05000200000C0140D4
:106DD00000180140001001402C170020280000205E
:106DE000D34D621000ED00E00008014010B5FDF742
:106DF0003DFEF9F765F8FCF721FA012839D0FBF7D9
:106E000039FAF6F72DFE3D4B1B889BB223B13B4A66
:106E10001388013B9BB21380394A138801331380D6
:106E2000384B1B78B3B9384B1B8A002B56D0374AE6
:106E300012889A4203D0364A1288012A1CD0354A59
:106E400013780133DBB21370334A12789A4228D98F
:106E5000FFF782F82B4B1B78012B4CD02A4B9B89D8
:106E6000003B18BF01232D4A117863F38201117092
:106E700010BDF7F743FCC2E7244A1380284AA2FB5F
:106E80000323C3F3C703072B28BF0723254A12F8A0
:106E900013002549087002EB430252781E4B1A700A
:106EA000CDE71C4B00221A70194C22881F4B33F877
:106EB0001200C0F5BB600430800080B2FFF71CFBFD
:106EC000194B1B78228813449BB2B3F57A7F01D209
:106ED0002380BDE70E4B01221A80B9E70B4B1B88BC
:106EE000002BB5D0FEF77AFFFFF722F8064B1A8A7F
:106EF000064B1A80ACE70023B5E700BF3C23002017
:106F00003A2300202C170020E01600203823002010
:106F1000260000203723002024000020D802002073
:106F2000CDCCCCCC8CA401082500002058AB0108A6
:106F3000044B1B88834238BF03F1FF33181A80B219
:106F4000704700BF3A2300202DE9F04F8BB04FF07F
:106F50000009CDF81090CDF80C90CDF81490CB46E8
:106F60004C469A4B06AD0FCB07C525F8023B1B0CD0
:106F70002B70FFF709FEFAF7F9FE954A4946484695
:106F8000FEF748FD934A01214846FEF743FD924A29
:106F900001210420FEF73EFD904B4FF4FA621A8067
:106FA0008F4B01221A708F4B83F800908E4B1D7807
:106FB0008E4B1D708E4BA3F80090DFF838A252461E
:106FC00048464B46012600E01C461178A94210D0E5
:106FD00001339BB221323046332BF5D1844A332121
:106FE0001180854A13807D4EDFF8108208F1F90484
:106FF00077E00028F5D07E4A1480F2E7FF2B0CD111
:1070000020217F4800F00EFC00285AD0754B022248
:107010001A70734B01221A7053E0724B00221A70DF
:10702000754B1F8807EB471252440DF117030DF102
:10703000250012F8011F03F8011F8342F9D107EB65
:1070400047136C4AD35C93B1FF2B1FD0FE2B20D08B
:10705000FD2B21D09F2B4FEA131294BF30323732D1
:1070600003F00F03092B94BF3033373301E0302294
:1070700032238DF824208DF8253087B95A4B9B7820
:10708000002B43D0012B43D006A909E03022422334
:10709000EFE730223423ECE730223323E9E706A977
:1070A0004F4F3878FCF700FF38703B78022B31D017
:1070B000FCF7C6FA012838D0524B9B6813F0040F36
:1070C00041D1FAF745FEF6F74BF9F6F7DDFCFCF790
:1070D000E3FA012800F0CF81FCF7F2FA012800F072
:1070E000D3813588ADB2002DEBD13E4B1B78032BFD
:1070F00084D8032B91D801A252F823F02170010803
:107100000F740108297201085F7101083E49C7E741
:107110003E49C5E7334BFF221A7001223A703C4AC0
:1071200000210846FEF776FCC2E72E4B01221A70BA
:1071300000272B4B1F70374A39463846FEF76AFC4A
:10714000AB460597B8E7344B1B8813F4005FB8D003
:10715000244B03221A70224B01221A70B1E7204BF4
:107160001B78012B20D02C4B1B8813F4005F05D11A
:107170001C4B00221A701A4B01221A702021204841
:1071800000F050FBE0B9254B1888FFF7D1FEB0F5B1
:107190007A7F96D9224B1A88204B1A801E4A138870
:1071A00043F4006313808CE700200D4B18701D4AD8
:1071B0000146FEF72FFC1A4B1A88184B1A80D2E7AB
:1071C000174B1A88154B1A807BE700BF849701087C
:1071D000009701081497010884FE03083C2300204F
:1071E00036230020352300202C17002034230020D4
:1071F00032230020C4A4010830230020D41500202D
:10720000000C01405C150020B4A40108A4A40108EE
:10721000DC96010828970108101A00202E23002070
:107220003A2300204C970108A74B1B78012B3CD038
:10723000A54B1B78022B62D0A34B1B78032B00F0CD
:107240008B80A24D012300932A4632210020F6F7BD
:107250001FFF2B889E4A12889A420CD09C4A1380AA
:1072600003EB43139B4AD25C9B4B1A70964B022252
:107270001A70002303932021984800F0D3FA0028C5
:1072800000F0F680049B002B3FF41BAF8E4B0122D5
:107290001A70934B00221A70924B1A788E4B1B78FF
:1072A0009A4269D1002304930BE78F4A00210846D4
:1072B000FEF7B0FB844B02221A708A4B1978864B7A
:1072C00019700023814A13805246012700E0A94625
:1072D000107888420DD00135ADB221323B46332DB6
:1072E000F5D17A4B33221A80794B1D80002303930A
:1072F000A7E7002BF8D0754BA3F80090F4E7744B88
:107300001B88322B07D90023714A13806F4A1380E0
:10731000714B07221A706E4F3B8803EB4313013306
:107320006C4D039A00922B44102200210846FEF770
:1073300089FB3B8803EB4313103300902B4410224E
:1073400001210020FEF77EFB0390FF285E4B0CBF5F
:10735000002203221A7074E7644B1888FFF7E8FDD7
:10736000B0F5967F7FF66DAF614B1A885F4B1A8040
:10737000554B02221A7064E75A4B002583F82150BE
:1073800083F823502846FCF731F90120FCF778F9FF
:107390002A462021574800F04BFA2A460421564835
:1073A00000F046FA4C4B1B78062B19D8534AD25C96
:1073B000534B1A70534B9B6813F0040F1FD0494A6C
:1073C000454B1B78137001213220F6F767FD4FF40F
:1073D000FA60FCF71FF9FAF7C9FC0023049370E682
:1073E000FD2BE3D0474B9B6813F0040FE7D0F7F772
:1073F00023FE0020444B1880F7F75CFCDFE7F7F72B
:107400005DFE0020404B1880F7F754FCD7E72E4B69
:107410001B7873B9F6F7A2FB584512D1FCF710F9A7
:1074200000287FF44EAE284B01221A702C4B1870A6
:1074300047E60020244B1870344A0146FEF7EAFA6A
:10744000E8E7F6F78BFB8346202201210598FDF73C
:10745000E3FC09235A4601210020FDF7C9FD0590F0
:1074600041220121FDF7D8FC174B01221A70D5E704
:107470000123049325E6264A01213320F6F70EFD69
:107480000020FCF7FDF827E6224D2A460121642062
:10749000F6F704FD29784B1EDBB2F92B0FD908F162
:1074A000FF33002203F8012FA342FBD14246FA2109
:1074B0006520F6F7F3FC0020FCF7F6F811E64246EB
:1074C0006520F6F7EBFCF6E7362300203223002098
:1074D00030230020C4A4010834230020000C014004
:1074E000352300202C170020DC9601082C230020D7
:1074F0003A23002000080140001801409CA4010824
:10750000E01600205C1500202C0400207097010874
:107510004D170020CF160020704770477047704706
:1075200070477047704770477047704770477047A3
:107530007047704770477047704770477047704793
:107540007047704770477047704770477047704783
:1075500070477047704770477047704782B0464B1E
:107560001A6842F001021A605968444A0A405A6097
:107570001A6822F0847222F480321A601A6822F4A7
:1075800080221A605A6822F4FE025A601A6822F0B9
:10759000A0521A604FF47F029A600022DA620092D1
:1075A00001921A6842F480321A601A46136803F492
:1075B00000330193009B01330093019B1BB9009B97
:1075C000B3F5A06FF2D12C4B1B6813F4003F14BF2E
:1075D000012300230193019B012B01D002B07047CE
:1075E000274B1A6842F010021A601A6822F0030250
:1075F0001A601A6842F002021A60A3F580535A68B2
:107600005A605A685A605A6842F480625A60D96A6D
:107610001C4A0A40DA62DA6A42F4843242F0140206
:10762000DA621A6842F080621A601A46136813F030
:10763000006FFBD0104B5A6822F47C125A605A68D3
:1076400042F4E8125A601A6842F080721A601A46D0
:10765000136813F0007FFBD0074B5A6822F0030237
:107660005A605A6842F002025A601A46536803F0A0
:107670000C03082BFAD1B1E7001002400000FFF024
:107680000020024000F0FEFF214B5B6803F00C037A
:10769000082B0AD01F4B1E4A5268C2F303121E4920
:1076A0008A5CD3401D4A13607047194A5368526878
:1076B00002F48032C3F383430D2B14BF023306233D
:1076C0001AB9174A02FB03F3E5E7114AD16AD26AF5
:1076D00002F00F02013211F4803F05D10D49B1FBD8
:1076E000F2F202FB03F3D6E70948C16AC06AC1F3AC
:1076F000031C0CF1010C0749B1FBFCF1C0F30320A2
:10770000023000FB01F1B1FBF2F202FB03F3C2E72E
:107710000010024000127A002CB30108280000205B
:1077200000093D00002103E00A4B5B58435004313F
:1077300009480A4B42189A42F6D3094A02E000234C
:1077400042F8043B074B9A42F9D3FFF707FFFFF7D4
:10775000FBFB7047A0FE0308000000202C00002067
:10776000300000203E230020FEE7F0B58646CB78AF
:1077700003F00F0413F0100F1CBF8B781C430B7821
:107780001BB3D0F800C0002301250F2604E0CEF87B
:1077900014000133082B16D005FA03F00A8830EAEA
:1077A0000202F6D19A0006FA02F72CEA070C04FA54
:1077B00002F242EA0C0CCA78282AE8D0482A08BF0C
:1077C000CEF81000E5E7CEF800C00B88FF2B28D9D3
:1077D000DEF80460002301250F2702E00133082BA7
:1077E0001DD003F1080205FA02F2B1F800C032EA36
:1077F0000C0CF3D14FEA830C07FA0CF026EA0000D8
:1078000004FA0CFC4CEA0006C878282808BFCEF819
:107810001420C878482808BFCEF81020DEE7CEF83C
:107820000460F0BD8368194214BF01200020704736
:107830000AB10161704741617047000008B5234BF0
:1078400098420CD0224B984214D0224B98421CD024
:10785000214B984224D0214B98422CD008BD0121C5
:107860004FF4804000F084F900214FF4804000F094
:107870007FF9F3E701214FF4003000F087F9002190
:107880004FF4003000F082F9E8E701214FF4802046
:1078900000F07CF900214FF4802000F077F9DDE75B
:1078A00001214FF4002000F071F900214FF4002075
:1078B00000F06CF9D2E701214FF4801000F066F976
:1078C00000214FF4801000F061F9C7E70038014053
:1078D0000044004000480040004C00400050004080
:1078E00030B587B004460D46038A9BB223F440535B
:1078F000CA881343038283899BB223F4B05323F0D5
:107900000C038A8813430A8913434A8913439BB2A1
:107910008381838A9BB223F440738A8913438382D1
:1079200001A800F08FF8194B9C420CBF049B039BED
:10793000A28912F4004F03EB830303EB83032A684D
:1079400014BF52009200B3FBF2F3114AA2FB0312E0
:1079500052091101642000FB1233A28912F4004F76
:107960000BD11B0132330A4AA2FB0323C3F3431397
:107970000B439BB2238107B030BDDB003233044A96
:10798000A2FB0323C3F342130B43F2E70038014089
:107990001F85EB5129B183899BB243F40053838146
:1079A0007047838923F400531B041B0C83817047A9
:1079B000C1F3421C01F01F0101238B40BCF1010FF8
:1079C00009D0BCF1020F0CBF103014302AB102688C
:1079D0001343036070470C30F8E7026822EA0303A0
:1079E00003607047C1F30801818070478088C0F34D
:1079F00008007047C1F3421201F01F0C012303FA83
:107A00000CF3012A13D0022A0CBF028A828A92B296
:107A10001A40090A012303FA01F103889BB20B40C3
:107A2000002A18BF002B14BF012000207047828954
:107A300092B21A40EDE7090A01238B40DB439BB267
:107A40000380704700B5304B5B6803F00C03082BD4
:107A500023D02E4B03602C4A5168C1F30311DFF889
:107A6000B0C01CF80110CB4043605168C1F3022143
:107A70001CF8011023FA01F181605168C1F3C221A1
:107A80001CF80110CB40C3605268C2F38132214917
:107A90008A5CB3FBF2F3036100BD1B4A5368526872
:107AA00002F48032C3F383430D2B14BF0233062349
:107AB0001AB9194A02FB03F3CCE7134AD16AD26A16
:107AC00002F00F02013211F4803F05D10F49B1FBE2
:107AD000F2F202FB03F3BDE7DFF82CC0DCF82C1058
:107AE000DCF82CC0C1F3031E0EF1010E0749B1FBF7
:107AF000FEF1CCF3032C0CF1020C0CFB01F1B1FBF9
:107B0000F2F202FB03F3A5E70010024000127A0034
:107B100040B301083CB3010800093D0021B1054A0A
:107B20005369034353617047024A536923EA0003D0
:107B3000536170470010024021B1054A9369034325
:107B400093617047024A936923EA00039361704787
:107B50000010024021B1054AD3690343D361704745
:107B6000024AD36923EA0003D36170470010024040
:107B700021B1054AD3680343D3607047024AD368F2
:107B800023EA0003D36070470010024021B1054A88
:107B90001369034313617047024A136923EA000320
:107BA000136170470010024040F0BF6040F40030A5
:107BB000014BD860704700BF00ED00E0C37803B30D
:107BC000164BDA68D243C2F30222C2F104034178B1
:107BD000994083784FF00F0C2CFA02F21340027890
:107BE0000B431B01DBB20E490A4482F800330378D1
:107BF000580903F01F03012202FA03F341F8203071
:107C0000704703785A0903F01F030121994002F1DC
:107C10002003034A42F82310704700BF00ED00E044
:107C200000E100E000B5B0F820C02CF0010C4FEAF4
:107C30000C4C4FEA1C4CA0F820C0B0F818C0B0F8AB
:107C400020E01FFA8EFE2CF0F30C4FEA0C4C4FEAAA
:107C50001C4C42EA03124CEA020C1FFA8CFC124A3A
:107C6000904217D0114B984214D0B0F1804F11D0F0
:107C7000A3F5983398420DD003F58063984209D05C
:107C800003F58063984205D02EF00A03194341F0B2
:107C9000010104E02EF00203194341F00101A0F8B4
:107CA00018C0018400BD00BF002C01400034014019
:107CB00000B58E46B0F820C02CF0100C4FEA0C4CEA
:107CC0004FEA1C4CA0F820C0B0F818C0018C89B253
:107CD0002CF4407C4FEA0C5C4FEA1C5C120242EA36
:107CE00003324CEA020C1FFA8CFC144B984219D058
:107CF00003F50063984215D0B0F1804F12D0A3F580
:107D0000983398420ED003F5806398420AD003F569
:107D10008063984206D021F0A0014EEA010E4EF099
:107D2000100106E021F0200141EA0E1189B241F074
:107D30001001A0F818C0018400BD00BF002C014054
:107D400008B5724B984240D0B0F1804F48D0704B8C
:107D500098424ED06F4B984254D06F4B98425AD0B5
:107D60006E4B984260D06E4B984266D06D4B9842F5
:107D70006CD06D4B984274D06C4B98427CD06C4B5D
:107D8000984200F084806B4B984200F08B806A4BE5
:107D9000984200F09080694B984200F09580684BC3
:107DA000984200F09C80674B984200F0A380664B9D
:107DB000984214D101214FF48020FFF7D9FE002111
:107DC0004FF48020FFF7D4FE09E001214FF400605A
:107DD000FFF7CEFE00214FF40060FFF7C9FE08BD9B
:107DE00001210846FFF7D2FE00210120FFF7CEFE59
:107DF000F5E701210220FFF7C9FE00210220FFF76D
:107E0000C5FEECE701210420FFF7C0FE002104209D
:107E1000FFF7BCFEE3E701210820FFF7B7FE0021D2
:107E20000820FFF7B3FEDAE701211020FFF7AEFECE
:107E300000211020FFF7AAFED1E701212020FFF743
:107E4000A5FE00212020FFF7A1FEC8E701214FF485
:107E50000050FFF78DFE00214FF40050FFF788FE21
:107E6000BDE701214FF40020FFF782FE00214FF40F
:107E70000020FFF77DFEB2E701214FF48010FFF7ED
:107E800077FE00214FF48010FFF772FEA7E7012173
:107E90004FF40010FFF76CFE00214FF40010FFF7C5
:107EA00067FE9CE701214020FFF770FE0021402083
:107EB000FFF76CFE93E701218020FFF767FE0021AA
:107EC0008020FFF763FE8AE701214FF48070FFF7FF
:107ED0005DFE00214FF48070FFF758FE7FE701211F
:107EE0004FF48030FFF744FE00214FF48030FFF75D
:107EF0003FFE74E701214FF40030FFF739FE002107
:107F00004FF40030FFF734FE69E700BF002C01405A
:107F10000004004000080040000C00400010004039
:107F20000014004000340140004C0140005001406A
:107F30000054014000180040001C00400020004098
:107F400000400140004401400048014003889BB2CA
:107F5000244A904212D002F5006290420ED0B0F155
:107F6000804F0BD0A2F59832904207D002F5806284
:107F7000904203D002F58062904203D123F0700357
:107F80004A881343184A904226D002F580629042F4
:107F900022D023F440739BB2CA88134303808B889A
:107FA00083850B8803850F4B98420BD003F5006344
:107FB000984207D003F54063984203D003F58063ED
:107FC000984204D10B7A038601238382704703F51C
:107FD00080639842F6D0F7E703808B8883850B880F
:107FE0000385F1E7002C01400010004000230380CE
:107FF000438001228280C3800381704729B10388B6
:108000009BB243F0010303807047038823F0010310
:108010001B041B0C0380704722B183899BB20B4366
:108020008381704783899BB223EA01038381704770
:1080300010B504460089B4F818E01FFA8EFEB4F8B3
:1080400020C020F007000004000C08432EF4407EFE
:108050002EF0030E4EF4807E4EF0010E2CF0220C1A
:108060004FEA0C4C4FEA1C4C42EA03124CEA020C59
:108070001FFA8CFC2081A4F818E0A4F820C010BDE1
:1080800081847047038B23F00C031B041B0C0383B8
:10809000038B9BB20B4303837047038B23F4406332
:1080A0001B041B0C0383038B9BB243EA01239BB28B
:1080B00003837047838B23F00C031B041B0C838307
:1080C000838B9BB20B4383837047838B23F4406382
:1080D0001B041B0C8383838B9BB243EA01239BB25B
:1080E0008383704738B504460D460B88002B37D084
:1080F000042B3FD0082B47D04888B1F804C0098929
:10810000238C23F480531B041B0C2384A38B228C0D
:1081100092B223F440731B051B0D090341EA0C21A5
:108120000B439BB23E498C426CD001F500618C42FE
:1081300068D0B4F1804F65D0A1F598318C4261D000
:1081400001F580618C425DD001F580618C4259D08F
:1081500022F400725204520C104340F4805258E052
:108160000B898A884988FFF75DFDE9882046FFF77B
:1081700089FF54E00B898A884988FFF799FDE988CF
:108180002046FFF78AFF4AE048888B88B1F808C08C
:10819000228C22F480721204120C2284A18B89B2E8
:1081A000228C92B221F0F3010B4343EA0C139BB2F1
:1081B0001B498C4218D001F500618C4214D0B4F1F7
:1081C000804F11D0A1F598318C420DD001F580611E
:1081D0008C4209D001F580618C4205D022F42062E6
:1081E000104340F4807206E022F4007242EA00225A
:1081F00092B242F48072A3832284E9882046FFF77A
:1082000059FF0CE022F4005242EA003292B242F4EA
:108210008052A3832284E9882046FFF756FF38BDA9
:10822000002C0140808C80B2704781F47F4181F046
:10823000FF0101827047000043680A7923F470232C
:1082400023F4807343EA02230A6813434360D0F89F
:1082500008C0CB688A681343084A0CEA0202134339
:108260004A7943EA42038360C36A23F470030A7CB9
:10827000013AD2B243EA0253C3627047FDF7F1FFFD
:1082800021B1836843F0010383607047836823F062
:1082900001038360704721B1836843F48073836076
:1082A0007047836823F4807383607047836843F06A
:1082B0000803836070478068C0F3C000704783681C
:1082C00043F00403836070478068C0F38000704708
:1082D00021B1836843F4A00383607047836823F46B
:1082E000A0038360704710B51C46092920D9C368D4
:1082F000A1F10A0C0CEB4C0C4FF0070E0EFA0CFE21
:1083000023EA0E0E04FA0CFC4CEA0E03C360062AA4
:108310001DD8436B013A02EB82024FF01F0C0CFA9E
:1083200002FC23EA0C0301FA02F21A43426310BD75
:10833000D0F810C001EB41034FF0070E0EFA03FE18
:108340002CEA0E0C9C4044EA0C030361DFE70C2A84
:108350000ED8036B073A02EB82024FF01F0C0CFAA7
:1083600002FC23EA0C0301FA02F21A430263DEE77D
:10837000C36A0D3A02EB82024FF01F0C0CFA02FCAA
:1083800023EA0C0391401943C162D0E728B1064AA1
:10839000936843F4000393607047034A936823F49F
:1083A00000039360704700BF00240140036823F07E
:1083B00001031B041B0C0360002303604360836004
:1083C000C360364B984221D0354B984224D0354B70
:1083D000984227D0344B98422AD0344B98422DD023
:1083E000334B984230D0334B984233D0324B984283
:1083F00036D0324B984239D0314B98423CD0314B39
:1084000098423FD0304B984242D070472F4A536831
:1084100043F00F03536070472C4A536843F0F00356
:1084200053607047294A536843F470635360704740
:10843000264A536843F4704353607047234A536895
:1084400043F4702353607047204A536843F4700329
:10845000536070471D4A536843F070635360704720
:108460001B4A536843F00F0353607047184A536820
:1084700043F0F00353607047154A536843F4706348
:1084800053607047124A536843F470435360704717
:108490000F4A536843F470235360B6E70800024064
:1084A0001C000240300002404400024058000240DC
:1084B0006C00024080000240080402401C0402409C
:1084C00030040240440402405804024000000240CC
:1084D0000004024010B402686FF30E128B680C6A3D
:1084E00023430C6923434C6923438C692343CC69A0
:1084F00023434C6A23438C6A234313430360CB68B2
:1085000043600B6883604B68C36010BC704721B147
:10851000036843F0010303607047036823F001031D
:108520001B041B0C036070471AB103680B43036004
:108530007047036823EA01030360704710F0805F0F
:1085400014BF024B024B5860704700BF000402404A
:108550000000024081F0004102E000BF83F00043D0
:1085600030B54FEA41044FEA430594EA050F08BFCE
:1085700090EA020F1FBF54EA000C55EA020C7FEA92
:10858000645C7FEA655C00F0E2804FEA5454D4EB0F
:108590005555B8BF6D420CDD2C4480EA020281EAD9
:1085A000030382EA000083EA010180EA020281EA11
:1085B0000303362D88BF30BD11F0004F4FEA013163
:1085C0004FF4801C4CEA113102D0404261EB410172
:1085D00013F0004F4FEA03334CEA133302D05242F8
:1085E00063EB430394EA050F00F0A780A4F10104B4
:1085F000D5F1200E0DDB02FA0EFC22FA05F28018EE
:1086000041F1000103FA0EF2801843FA05F35941D3
:108610000EE0A5F120050EF1200E012A03FA0EFC52
:1086200028BF4CF0020C43FA05F3C01851EBE3717C
:1086300001F0004507D54FF0000EDCF1000C7EEB99
:1086400000006EEB0101B1F5801F1BD3B1F5001FD7
:108650000CD349085FEA30004FEA3C0C04F10104F6
:108660004FEA445212F5800F80F09A80BCF1004F1F
:1086700008BF5FEA500C50F1000041EB045141EAA1
:10868000050130BD5FEA4C0C404141EB0101013C6A
:1086900028BFB1F5801FE9D291F0000F04BF014659
:1086A0000020B1FA81F308BF2033A3F10B03B3F12B
:1086B00020020CDA0C3208DD02F1140CC2F10C02BB
:1086C00001FA0CF021FA02F10CE002F11402D8BF19
:1086D000C2F1200C01FA02F120FA0CFCDCBF41EAE5
:1086E0000C019040E41AA2BF01EB0451294330BDB4
:1086F0006FEA04041F3C1CDA0C340EDC04F1140491
:10870000C4F1200220FA04F001FA02F340EA030067
:1087100021FA04F345EA030130BDC4F10C04C4F1AD
:10872000200220FA02F001FA04F340EA030029468D
:1087300030BD21FA04F0294630BD94F0000F83F4D7
:10874000801306BF81F480110134013D4EE77FEABA
:10875000645C18BF7FEA655C29D094EA050F08BF06
:1087600090EA020F05D054EA000C04BF19461046E7
:1087700030BD91EA030F1EBF0021002030BD5FEA2B
:10878000545C05D14000494128BF41F0004130BD53
:1087900014F580043CBF01F5801130BD01F00045A7
:1087A00045F0FE4141F470014FF0000030BD7FEA1A
:1087B000645C1ABF194610467FEA655C1CBF0B4615
:1087C000024650EA013406BF52EA033591EA030F2C
:1087D00041F4002130BD00BF90F0000F04BF002124
:1087E000704730B54FF4806404F132044FF0000557
:1087F0004FF0000150E700BF90F0000F04BF0021D0
:10880000704730B54FF4806404F1320410F0004535
:1088100048BF40424FF000013EE700BF42004FEA30
:10882000E2014FEA31014FEA02701FBF12F07F43AD
:1088300093F07F4F81F06051704732F07F4208BF64
:10884000704793F07F4F04BF41F40021704730B56B
:108850004FF4607401F0004521F000411CE700BFB7
:1088600050EA010208BF704730B54FF000050AE03A
:1088700050EA010208BF704730B511F0004502D53B
:10888000404261EB41014FF4806404F132045FEA3D
:10889000915C3FF4D8AE4FF003025FEADC0C18BFE6
:1088A00003325FEADC0C18BF033202EBDC02C2F1D8
:1088B000200300FA03FC20FA02F001FA03FE40EA6A
:1088C0000E0021FA02F11444BDE600BF70B54FF06E
:1088D000FF0C4CF4E06C1CEA11541DBF1CEA13554C
:1088E00094EA0C0F95EA0C0F00F0DEF82C4481EAB4
:1088F000030621EA4C5123EA4C5350EA013518BFD4
:1089000052EA033541F4801143F4801338D0A0FBC0
:1089100002CE4FF00005E1FB02E506F00042E0FB6D
:1089200003E54FF00006E1FB03569CF0000F18BF73
:108930004EF0010EA4F1FF04B6F5007F64F540741B
:1089400004D25FEA4E0E6D4146EB060642EAC621AE
:1089500041EA55514FEAC52040EA5E504FEACE2E1B
:10896000B4F1FD0C88BFBCF5E06F1ED8BEF1004F1E
:1089700008BF5FEA500E50F1000041EB045170BD9A
:1089800006F0004646EA010140EA020081EA0301DE
:10899000B4EB5C04C2BFD4EB0C0541EA045170BDDA
:1089A00041F480114FF0000E013C00F3AB8014F154
:1089B000360FDEBF002001F0004170BDC4F100049D
:1089C000203C35DA0C341BDC04F11404C4F120051E
:1089D00000FA05F320FA04F001FA05F240EA020079
:1089E00001F0004221F0004110EBD37021FA04F6AF
:1089F00042EB06015EEA430E08BF20EAD37070BD69
:108A0000C4F10C04C4F1200500FA04F320FA05F0C7
:108A100001FA04F240EA020001F0004110EBD370C9
:108A200041F100015EEA430E08BF20EAD37070BD39
:108A3000C4F1200500FA05F24EEA020E20FA04F312
:108A400001FA05F243EA020321FA04F001F00041C1
:108A500021FA04F220EA020000EBD3705EEA430E32
:108A600008BF20EAD37070BD94F0000F0FD101F061
:108A70000046400041EB010111F4801F08BF013C9A
:108A8000F7D041EA060195F0000F18BF704703F0D8
:108A90000046520043EB030313F4801F08BF013D5F
:108AA000F7D043EA0603704794EA0C0F0CEA13551B
:108AB00018BF95EA0C0F0CD050EA410618BF52EAD5
:108AC0004306D1D181EA030101F000414FF00000DB
:108AD00070BD50EA410606BF1046194652EA4306E9
:108AE00019D094EA0C0F02D150EA013613D195EA5D
:108AF0000C0F05D152EA03361CBF104619460AD1A5
:108B000081EA030101F0004141F0FE4141F47001AE
:108B10004FF0000070BD41F0FE4141F4780170BD9E
:108B200070B54FF0FF0C4CF4E06C1CEA11541DBF03
:108B30001CEA135594EA0C0F95EA0C0F00F0A7F805
:108B4000A4EB050481EA030E52EA03354FEA013132
:108B500000F088804FEA03334FF0805545EA131345
:108B600043EA12634FEA022245EA111545EA10650D
:108B70004FEA00260EF000419D4208BF964244F1A4
:108B8000FD0404F5407402D25B084FEA3202B61AC3
:108B900065EB03055B084FEA32024FF480104FF497
:108BA000002CB6EB020E75EB030E22BFB61A75460B
:108BB00040EA0C005B084FEA3202B6EB020E75EB9E
:108BC000030E22BFB61A754640EA5C005B084FEA06
:108BD0003202B6EB020E75EB030E22BFB61A7546D3
:108BE00040EA9C005B084FEA3202B6EB020E75EBDE
:108BF000030E22BFB61A754640EADC0055EA060E9F
:108C000018D04FEA051545EA16754FEA06164FEAE1
:108C1000C30343EA52734FEAC2025FEA1C1CC0D18D
:108C200011F4801F0BD141EA00014FF000004FF01A
:108C3000004CB6E711F4801F04BF01430020B4F1DB
:108C4000FD0C88BFBCF5E06F3FF6AFAEB5EB030C93
:108C500004BFB6EB020C5FEA500C50F1000041EB90
:108C6000045170BD0EF0004E4EEA113114EB5C045D
:108C7000C2BFD4EB0C0541EA045170BD41F4801130
:108C80004FF0000E013C90E645EA060E8DE60CEA38
:108C9000135594EA0C0F08BF95EA0C0F3FF43BAF55
:108CA00094EA0C0F0AD150EA01347FF434AF95EA0C
:108CB0000C0F7FF425AF104619462CE795EA0C0FF0
:108CC00006D152EA03353FF4FDAE1046194622E7BD
:108CD00050EA410618BF52EA43067FF4C5AE50EA97
:108CE00041047FF40DAF52EA43057FF4EBAE12E787
:108CF0004A0011D212F5001211D20DD56FF478731B
:108D0000B3EB62520ED44FEAC12343F0004343EA6F
:108D1000505323FA02F070474FF00000704750EABA
:108D2000013002D14FF0FF3070474FF00000704724
:108D30004FEA4102B2F1E04324BFB3F5001CDCF17D
:108D4000FE5C0DD901F0004C4FEAC0024CEA5070B5
:108D5000B2F1004F40EB830008BF20F001007047E4
:108D600011F0804F21D113F13872BCBF01F00040E7
:108D7000704741F480114FEA5252C2F11802C2F119
:108D8000200C10FA0CF320FA02F018BF40F001009A
:108D90004FEAC1234FEAD32303FA0CFC40EA0C004C
:108DA00023FA02F34FEA4303CCE77FEA625307D189
:108DB00050EA01331EBF4FF0FE4040F440007047C0
:108DC00001F0004040F0FE4040F40000704700BF5A
:108DD00080F0004002E000BF81F0004142001FBF70
:108DE0005FEA410392EA030F7FEA226C7FEA236C79
:108DF0006AD04FEA1262D2EB1363C1BFD21841406E
:108E000048404140B8BF5B42192B88BF704710F003
:108E1000004F40F4000020F07F4018BF404211F0A6
:108E2000004F41F4000121F07F4118BF494292EA0E
:108E3000030F3FD0A2F1010241FA03FC10EB0C003A
:108E4000C3F1200301FA03F100F0004302D54942C7
:108E500060EB4000B0F5000F13D3B0F1807F06D374
:108E600040084FEA310102F10102FE2A51D2B1F16C
:108E7000004F40EBC25008BF20F0010040EA030061
:108E80007047490040EB0000013A28BFB0F5000FE1
:108E9000EDD2B0FA80FCACF1080CB2EB0C0200FA97
:108EA0000CF0AABF00EBC25052421843BCBFD040E6
:108EB0001843704792F0000F81F4000106BF80F460
:108EC00000000132013BB5E74FEA41037FEA226C23
:108ED00018BF7FEA236C21D092EA030F04D092F0EE
:108EE000000F08BF0846704790EA010F1CBF002022
:108EF000704712F07F4F04D1400028BF40F000407F
:108F0000704712F100723CBF00F50000704700F09E
:108F1000004343F0FE4040F4000070477FEA2262C5
:108F200016BF08467FEA23630146420206BF5FEA96
:108F3000412390EA010F40F4800070474FF0000396
:108F400004E000BF10F0004348BF40425FEA000C5D
:108F500008BF704743F0964301464FF000001CE005
:108F600050EA010208BF70474FF000030AE000BF5B
:108F700050EA010208BF704711F0004302D5404299
:108F800061EB41015FEA010C02BF8446014600200B
:108F900043F0B64308BFA3F18053A3F50003BCFA26
:108FA0008CF2083AA3EBC25310DB01FA02FC6344D3
:108FB00000FA02FCC2F12002BCF1004F20FA02F2DA
:108FC00043EB020008BF20F00100704702F12002CD
:108FD00001FA02FCC2F1200250EA4C0021FA02F22E
:108FE00043EB020008BF20EADC7070474FF0FF0C33
:108FF0001CEAD0521EBF1CEAD15392EA0C0F93EA2E
:109000000C0F6FD01A4480EA010C400218BF5FEACF
:1090100041211ED04FF0006343EA501043EA511142
:10902000A0FB01310CF00040B1F5000F3EBF49003C
:1090300041EAD3715B0040EA010062F17F02FD2A40
:109040001DD8B3F1004F40EBC25008BF20F0010023
:10905000704790F0000F0CF0004C08BF49024CEA3A
:10906000502040EA51207F3AC2BFD2F1FF0340EACC
:10907000C250704740F400004FF00003013A5DDC3D
:1090800012F1190FDCBF00F000407047C2F100027E
:10909000410021FA02F1C2F1200200FA02FC5FEA6B
:1090A000310040F1000053EA4C0308BF20EADC70B5
:1090B000704792F0000F00F0004C02BF400010F427
:1090C000000F013AF9D040EA0C0093F0000F01F0D4
:1090D000004C02BF490011F4000F013BF9D041EAF6
:1090E0000C018FE70CEAD15392EA0C0F18BF93EAF8
:1090F0000C0F0AD030F0004C18BF31F0004CD8D122
:1091000080EA010000F00040704790F0000F17BFA8
:1091100090F0004F084691F0000F91F0004F14D0EE
:1091200092EA0C0F01D142020FD193EA0C0F03D146
:109130004B0218BF084608D180EA010000F0004049
:1091400040F0FE4040F40000704740F0FE4040F424
:10915000400070474FF0FF0C1CEAD0521EBF1CEAC3
:10916000D15392EA0C0F93EA0C0F69D0A2EB0302E1
:1091700080EA010C49024FEA402037D04FF080537B
:1091800043EA111143EA10130CF000408B4238BF40
:109190005B0042F17D024FF4000C8B4224BF5B1A4E
:1091A00040EA0C00B3EB510F24BFA3EB510340EA9C
:1091B0005C00B3EB910F24BFA3EB910340EA9C004A
:1091C000B3EBD10F24BFA3EBD10340EADC001B01BA
:1091D00018BF5FEA1C1CE0D1FD2A3FF650AF8B425E
:1091E00040EBC25008BF20F0010070470CF0004C6B
:1091F0004CEA50207F32C2BFD2F1FF0340EAC25096
:10920000704740F400004FF00003013A37E792F056
:10921000000F00F0004C02BF400010F4000F013AB4
:10922000F9D040EA0C0093F0000F01F0004C02BFAF
:10923000490011F4000F013BF9D041EA0C0195E718
:109240000CEAD15392EA0C0F08D142027FF47DAFB1
:1092500093EA0C0F7FF470AF084676E793EA0C0FA1
:1092600004D14B023FF44CAF08466EE730F0004C9F
:1092700018BF31F0004CCAD130F000427FF45CAF2F
:1092800031F000437FF43CAF5FE700BF42000ED2F5
:10929000B2F1FE4F0BD34FF09E03B3EB126209D431
:1092A0004FEA002343F0004323FA02F070474FF0E7
:1092B0000000704712F1610F01D1420202D14FF05C
:1092C000FF3070474FF00000704700BF7BB972B9A4
:1092D0000029BEBF00204FF0004106E008BF002873
:1092E0001CBF6FF000414FF0FF3000F0E3B9ADF16B
:1092F000080C6DE904CE002909DB002B1ADB00F015
:109300004DF8DDF804E0DDE9022304B07047404287
:1093100061EB4101002B1BDB00F040F8DDF804E0BD
:10932000DDE9022304B0404261EB4101524263EBAC
:1093300043037047524263EB430300F02FF8DDF81C
:1093400004E0DDE9022304B0404261EB41017047D3
:10935000524263EB430300F021F8DDF804E0DDE95D
:10936000022304B0524263EB4303704753B94AB936
:10937000002908BF00281CBF4FF0FF314FF0FF301D
:1093800000F098B9ADF1080C6DE904CE00F006F8D4
:10939000DDF804E0DDE9022304B070472DE9F04771
:1093A000074616460846BC460D46089A002B4FD184
:1093B0008E42B64669D9B6FA86F44CB1C4F12003A0
:1093C000A54027FA03F306FA04FE1D4307FA04FC3E
:1093D0004FEA1E47B5FBF7F107FB11551FFA8EF058
:1093E0004FEA1C4343EA054301FB00F59D420AD9BD
:1093F0001EEB030301F1FF3680F0F6809D4240F240
:10940000F380023973445B1BB3FBF7F507FB15339D
:1094100005FB00F01FFA8CFC4CEA034C60450AD9AE
:109420001EEB0C0C05F1FF3380F0E080604540F24C
:10943000DD80F444023DACEB000C45EA0140002124
:1094400022B12CFA04F30024C2E90034BDE8F0870D
:109450008B4206D90AB1C2E9007100210846BDE875
:10946000F087B3FA83F100294CD1834202D3BE4284
:1094700000F20F81B7EB060C60EB030301201D46E1
:10948000002AE3D0C2E900C5E0E7002E00F0958095
:109490001C46B6FA86F3002B40F0AA808D1B0121F2
:1094A000370CB6B2B5FBF7F007FB10554FEA1C437B
:1094B00043EA054306FB00F59D4208D91EEB030372
:1094C00000F1FF3802D29D4200F2E88040465B1B6B
:1094D000B3FBF7F507FB15331FFA8CFC4CEA034C82
:1094E00006FB05F3634508D91EEB0C0C05F1FF36AE
:1094F00002D2634500F2CF803546ACEB030C45EA5F
:1095000000409DE7C1F120058B4026FA05FC4CEA9E
:10951000030C20FA05F44FEA1C4E06FA01F9B4FBDD
:10952000FEF6884027FA05F303430EFB16401FFAA8
:109530008CF807FA01FA1F0C47EA004406FB08F012
:10954000A0420AD91CEB040406F1FF3780F09F808B
:10955000A04240F29C80023E6444241AB4FBFEF018
:109560000EFB104400FB08FE9BB243EA04439E45F9
:109570000AD91CEB030300F1FF3480F086809E457E
:1095800040F283800238634440EA0640A0FB09743D
:10959000A3EB0E03A342BE46264665D362D052B16A
:1095A000BAEB0E0463EB060303FA05F5CC40254342
:1095B000CB40C2E90053002148E77B0843EAC1736E
:1095C0004C08190C41EA04419BB2B4FBF6F04FEA97
:1095D000C77C43EA01433546B1FBF6F137461F2409
:1095E0005D1B41EA00415DE731460CE71D4622E77D
:1095F0001C4606FA03FEC3F1200321FA03F5A0403E
:1096000027FA03F307FA04FC4FEA1E470343B5FBAE
:10961000F7F007FB10551FFA8EF6190C41EA0541C9
:1096200000FB06F58D423ED91EEB010101D28D42B1
:1096300021D8491BB1FBF7F5A84605FB06F5013813
:1096400007FB18119BB243EA0143AB4229D21EEB40
:10965000030308F1FF31C3D2AB42C1D2A8F102012A
:109660007344BDE7BA459AD2B7EB090E64EB0C041C
:109670000138264693E7AEEB05052944B1FBF7F523
:109680000238A84605FB06F5DAE720467CE73E46A9
:1096900063E70846F4E6F444023D2EE702387344DB
:1096A00015E741469CE7491BB1FBF7F5A84605FBCA
:1096B00006F5C5E7704700BF00316253C4F5A697B1
:1096C000B988DBEA7D4C1F2E20202020202020009E
:1096D000202020202020202000000000202020200A
:1096E000202020202020202020202020202020207A
:1096F00020202020202020202020202000000000EA
:109700004C43422053696D756C61746F72205633FF
:10971000000000005665723A2020202020202020E2
:109720002020202000000000202020202045725012
:10973000204D6F6465202020202020202020202024
:1097400020202020202020200000000054686520D8
:109750004261747465727920697320206375742086
:109760006F66662E2E2E2E2E2E2E2E2E0000000020
:109770002020202020457250204D6F64652020203D
:109780000000000020202020202020202020202059
:10979000202000003264320050463C3C9E347C2E37
:1097A0009029802524222C1F981C541A42185816E0
:1097B0009614DE123011870FE30D3F0C9B0AF70859
:1097C0005307B4051A048A02FA00000000000000E2
:1097D000BC020000CE040000A00500003906000015
:1097E000B70600002507000087070000E10700001A
:1097F0003508000085080000D008000019090000A5
:109800005F090000A3090000E6090000270A000024
:10981000680A0000A80A0000E70A0000270B000001
:10982000660B0000A70B0000E80B00002B0C0000EB
:109830006F0C00000155555542134741DB11DD41C6
:109840009AB2C8C7AD2AEC43B4463FC94B815F4FBB
:10985000B660E73F464C6743C1D962C9F62A284E35
:10986000EEAF39D500001C4100B84E467E76B44EAE
:1098700010101010101010101818181818181818A8
:109880001C1C1C1C1C1C1C1C1E1E1E1E1E1E1E1E08
:109890001F1F1F1F1F1F1F1FECA30108D61700202B
:1098A000000104040000F4010001000014A40108F8
:1098B00058170020000106150000FFFF000A0000F5
:1098C000ACA20108DE1700200000060400006300BF
:1098D00000010000D0A10108781900200000041246
:1098E0000000FFFF00010000ECA30108F0160020BB
:1098F000000104040000FA000001000088A3010830
:10990000EE1600200001070700000F2700010000ED
:1099100074A30108F21600200001060800001027B9
:109920000001000060A30108E616002000010806FF
:10993000000088130001000014A40108FC16002098
:10994000000106150000641900010000C4A301080D
:10995000E21600200001090C00000C0001010000CB
:10996000E8A20108FE1600200001080D0000701793
:1099700000010000D4A20108001700200001070D1B
:109980000000701700010000C0A2010802170020AB
:109990000001090F0000FFFF00010000ACA2010858
:1099A00004170020000106040000FF000001000071
:1099B000D8A30108D802002010010800000001000F
:1099C0000001000048A20108D41500200000031384
:1099D0000000FF000001000058A1010888190020C4
:1099E000000109190000050000010000A8A10108FC
:1099F000CC190020000104160000640000020000E1
:109A00006CA10108D019002000010618E803204EBF
:109A10000064000094A10108B015002000000513A7
:109A2000000023000001000080A101088C15002027
:109A3000000005130000230000010000F8A1010848
:109A4000F0160020000106040000F40100010000EF
:109A5000E4A1010800170020000009120000FFFF28
:109A60000001000014A40108FC16002000010601FA
:109A700000000F27000A0000BCA101080417002005
:109A800000000B040000190000010000D0A1010833
:109A900074190020000004140000FFFF0001000002
:109AA00048A20108D4150020000003130000FF00A5
:109AB00000010000F8A10108D617002000010604EB
:109AC0000000F40100010000E4A10108DA17002001
:109AD000000009120000FFFF0001000014A40108AB
:109AE000581700200001060100000F27000A00009F
:109AF000BCA10108DE17002000000B0400001900C3
:109B000000010000D0A10108741900200000041415
:109B10000000FFFF0001000048A20108D41500204A
:109B2000000003130000FF0000010000ECA3010887
:109B300070170020000104040000C80000010000AC
:109B400084A201083E170020000008120000FFFF59
:109B50000001000010A30108681700200000090D93
:109B60000000FA0000010000FCA201086A170020B2
:109B70000000080E00000F2700010000ECA3010800
:109B800070170020000104040000C800000100005C
:109B900084A201083E170020000008120000FFFF09
:109BA00000010000FCA201086A1700200000081252
:109BB0000000FFFF00010000ECA301087017002067
:109BC000000104040000C800000100000CA201080C
:109BD0007A190020000008120000FFFF00010000B9
:109BE000FCA201086A170020000008120000FFFF15
:109BF00000010000ECA3010870170020000104041C
:109C00000000C800000100000CA201087819002023
:109C1000000008120000FFFF0001000010A301086F
:109C2000681700200000090D0000FA000001000084
:109C3000FCA201086A1700200000080E00000F2790
:109C40000001000044A101082804002001010900CE
:109C50000000010000010000C4A30108E21600207A
:109C60000001090C00000C000101000048A20108DD
:109C7000D4150020000003130000FF0000010000C5
:109C800034A201082C04002002010700000001009A
:109C90000001000020A201082C040020040107009C
:109CA0000000010000010000ECA301087017002073
:109CB000000104040000FA0000010000D8A301081C
:109CC000101A00200401080000000100000100003B
:109CD00084A201083E170020000008120000FFFFC8
:109CE00000010000FCA2010860170020000008121B
:109CF0000000FFFF0001000070A2010832170020E1
:109D000000000A120000FFFF000100005CA2010831
:109D100030170020000009040000FF0000010000CF
:109D200048A20108D4150020000003130000FF0022
:109D300000010000ECA301087017002000010404DA
:109D40000000FA0000010000D8A30108101A00204A
:109D500004010800000001000001000098A20108B1
:109D600048170020000009100000FA000001000060
:109D700070A201083217002000000A120000FFFF45
:109D8000000100005CA20108301700200000090457
:109D90000000FF000001000048A20108D4150020C7
:109DA000000003130000FF0000010000ECA3010805
:109DB00070170020000104040000FA0000010000F8
:109DC000D8A30108101A00200401080000000100B7
:109DD0000001000048A20108D41500200000031370
:109DE0000000FF0000010000ECA301087017002034
:109DF000000104040000FA0000010000D8A30108DB
:109E0000101A0020040108000000010000010000F9
:109E100084A201083E170020000008120000FFFF86
:109E20000001000070A201083217002000000A1291
:109E30000000FFFF000100005CA2010830170020B5
:109E4000000009040000FF000001000048A2010812
:109E5000D4150020000003130000FF0000010000E3
:109E600000A40108F01600200001040400005000C6
:109E70000001000060A30108E616002000010806AA
:109E8000000088130001000024A30108EC16002044
:109E90000001040A0000FA0000010000C4A3010848
:109EA000E21600200001090C00000C000101000076
:109EB000E8A20108FE1600200001080D000060EA7B
:109EC00000010000D8A30108D802002010010800FA
:109ED0000000010000010000ECA30108F0160020C2
:109EE000000104040000FA000001000060A3010862
:109EF000E61600200001080600008813000100009B
:109F000024A30108EC1600200001040A0000FA0056
:109F1000000100004CA30108F816002000010A0906
:109F2000000010270001000038A30108FA160020E5
:109F300000010A090000102700010000C4A3010865
:109F4000E21600200001090C00000C0001010000D5
:109F5000E8A20108FE1600200001080D000060EADA
:109F600000010000D8A30108D80200201001080059
:109F70000000010000010000ECA30108F016002021
:109F8000000104040000FA000001000088A3010899
:109F9000EE1600200001070700000F270001000057
:109FA00074A30108F2160020000106080000102723
:109FB0000001000060A30108E61600200001080669
:109FC000000088130001000014A40108FC16002002
:109FD000000106150000641900010000C4A3010877
:109FE000E21600200001090C00000C000101000035
:109FF000E8A20108FE1600200001080D00007017FD
:10A0000000010000D4A20108001700200001070D84
:10A010000000701700010000C0A201080217002014
:10A020000001090F0000FFFF00010000ACA20108C1
:10A0300004170020000106040000FF0000010000DA
:10A0400078A401084D17002040010C000000010019
:10A050000001000064A401084D1700200801080059
:10A06000000001000001000050A401084F1700206B
:10A070000401090000000100000100003CA40108E7
:10A080004F17002001010A0000000100000100003C
:10A0900028A401084F17002010010900000001004A
:10A0A0000001000014A40108581700200001060157
:10A0B00000000F270001000000A401085217002033
:10A0C0000001040200000F270001000048A201085F
:10A0D000D4150020000003130000FF000001000061
:10A0E000ECA3010870170020000104040000FA002E
:10A0F0000001000078A401084D17002040010C0069
:10A10000000001000001000064A401084D170020B8
:10A1100008010800000001000001000098A20108E9
:10A1200048170020000009100000FA00000100009C
:10A1300048A20108D4150020000003130000FF000E
:10A14000000100004E6F6E20557365643A20202098
:10A1500020202020000000004175746F205265709F
:10A160003A2020202020202000000000506C617444
:10A17000653A202020202020202020200000000000
:10A18000465F534E3A2020202020202020202020EF
:10A1900000000000435F534E3A2020202020202062
:10A1A00020202020000000005265703A202020204E
:10A1B000202020202020202000000000526573690C
:10A1C0007374616E63653A20202020200000000037
:10A1D000504F533A202020202020202020202020D3
:10A1E00000000000466C79576865656C3A202020B5
:10A1F00020202020000000004372616E6B3A202076
:10A200002020202020202020000000004543422064
:10A21000504F533A20202020202020200000000012
:10A220004F43303134363A20202020202020202077
:10A23000000000004F43303134343A2020202020E9
:10A240002020202000000000534E3A202020202013
:10A25000202020202020202000000000506F6C656E
:10A26000506169723A202020202020200000000048
:10A2700047656172526174696F3A20202020202066
:10A2800000000000525F56616C75653A2020202066
:10A2900020202020000000004C696D697452504D50
:10A2A0003A20202020202020000000004C45564568
:10A2B0004C3A2020202020202020202000000000D8
:10A2C000454C2E57617474733A20202020202020A2
:10A2D0000000000046572E52504D3A2020202020EA
:10A2E000202020200000000047454E2E52504D3ABD
:10A2F000202020202020202000000000496E636CD8
:10A30000696E653A202020202020202000000000D7
:10A310004D6F746F7252504D3A2020202020202023
:10A320000000000042504D3A202020202020202014
:10A3300020202020000000004C6F616443656C6C9D
:10A34000323A202020202020000000004C6F616461
:10A3500043656C6C313A2020202020200000000052
:10A36000426174746572793A2020202020202020D8
:10A3700000000000525F504F533A20202020202040
:10A380002020202000000000546F727175653A2073
:10A39000202020202020202000000000202020203D
:10A3A000202020202020202020202020000000002D
:10A3B00020454D455247454E43592053544F502058
:10A3C000000000004552524F52204E6F3A2020208C
:10A3D0002020202000000000506C756720696E3A34
:10A3E00020202020202020200000000052504D3A44
:10A3F00020202020202020202020202000000000DD
:10A4000053504D3A202020202020202020202020A2
:10A410000000000057617474733A2020202020202F
:10A4200020202020000000004E6F506572736F6E78
:10A430003A2020202020202000000000456D657279
:10A4400067656E63793A20202020202000000000FC
:10A4500048616E647261696C3A20202020202020BF
:10A46000000000004672616D6549523A20202020AC
:10A470002020202000000000436F6E74726F6C5A21
:10A480006F6E653A202020200000000002070206BF
:10A490000205020402030202040305030002010391
:10A4A00003000000535445505045522020202020E6
:10A4B0003037000045502F42494B452020202020B6
:10A4C000303700000753542F424B2F455020202097
:10A4D000202020004C43423120202020202020201A
:10A4E00020203037000A41337820417363656E7451
:10A4F0002020202000417363656E74204C4342325B
:10A5000020202030410008505320417363656E7451
:10A51000202020202000417363656E74204C43424C
:10A52000332020203038000B436C696D626D696CFC
:10A530006C2020202020004C4342434D312020201D
:10A54000202020202030420017454E20434D20205F
:10A5500020202020202020004C4342434D32202048
:10A56000202020202020313700174C5320434D203D
:10A570002020202020202020004C4342434D322028
:10A5800020202020202020313700194D78522043F0
:10A590004D2020202020202020004C4342434D33DA
:10A5A00020202020202020203139001343686F70A4
:10A5B00070657220485552202020004C43424120B3
:10A5C00020202020202020202031330018523378F2
:10A5D0004D20202020202020202020004D65644395
:10A5E00045204C434220202020203138001B41745C
:10A5F00068656E61202020202020202000417468A2
:10A60000656E61204C4342202020203142001448D6
:10A6100055524520317820202020202020004C4316
:10A62000423178202020202020202020313400C0FA
:10A6300054726561646D696C6C2020202020004498
:10A6400043492D4F6C6420202020202020433000DF
:10A65000C154726561646D696C6C202020202000FB
:10A66000546F7054656B202020202020202043311F
:10A6700000C254726561646D696C6C2020202020DA
:10A680000044656C7461202020202020202020437D
:10A690003200C354726561646D696C6C20202020A7
:10A6A000200044656C746120202020202020202080
:10A6B000433300C454726561646D696C6C20202062
:10A6C00020200044656C7461202020202020202060
:10A6D00020433400C554726561646D696C6C202040
:10A6E0002020200044656C74612020202020202040
:10A6F0002020433500C654726561646D696C6C201E
:10A70000202020200044656C74612020202020201F
:10A71000202020433600C754726561646D696C6CFB
:10A720002020202020004C6974656F6E202020209E
:10A7300020202020433700C854726561646D696C25
:10A740006C20202020200044656C746120544D5002
:10A750002B20202020433800F054726561646D691D
:10A760006C6C2020202020004A6F686E736F6E2072
:10A77000202020202020463000A154726561646DA5
:10A78000696C6C2020202020004A6F686E736F6E09
:10A7900020202020202020413100A25472656164D5
:10A7A0006D696C6C2020202020004A6F686E736FEA
:10A7B0006E20202020202020413200A354726561A9
:10A7C000646D696C6C2020202020004A6F686E73D5
:10A7D0006F6E20202020202020413300F15472652C
:10A7E00061646D696C6C2020202020004A6F686EC7
:10A7F000736F6E20202020202020463100FF4D78EE
:10A800005220413330202020202020200044432D9E
:10A8100045502F41542020202020203042000C554C
:10A8200052452035302020202020202020004A4979
:10A83000532D4C4342353020202020203043000E41
:10A840005433302F54353020202020202020004445
:10A85000432D544D2D4C43422020202020304500D4
:10A860001255524520333020202020202020200067
:10A870004A49532D45434233302020202020313295
:10A8800000154D78522041353020202020202020F6
:10A8900000496E64635F4272616B65202020203145
:10A8A0003500E0535439302D3131305620202020EE
:10A8B00020004D4C484937303148202020202020AE
:10A8C000453000E1535439302D32323056202020AB
:10A8D0002020004D4C48493730314820202020208E
:10A8E00020453100164954432020202020202020DC
:10A8F000202020004C6F61642043656C6C20202078
:10A900002020313600FE54726561646D696C6C20E4
:10A9100020202020004A4953204443204D43422018
:10A920002020203034001D496E646F6F72437963BC
:10A930006C65202020004A4953204952433730207B
:10A940004D434220314400D054726561646D696C9E
:10A950006C202020202000476C6F62616C204443F3
:10A960004D43422020443000D154726561646D69CA
:10A970006C6C202020202000476C6F62616C2044AA
:10A98000434D434220204431001E436C696D626D8B
:10A99000696C6C202020202000494D50554C5345B7
:10A9A000204C43422020203145001F417363656ED7
:10A9B00074202020202020202000417363656E74C5
:10A9C000204C43422020202031460021485552206F
:10A9D00042494B4520202020202000485552204C41
:10A9E00043424120202020202032310020436C6946
:10A9F0006D626D696C6C2020202020004C43424326
:10AA00004D202020202020202020323000C95472E8
:10AA10006561646D696C6C202020202000505320FB
:10AA2000504D534D204C4342202020433900F254D6
:10AA3000726561646D696C6C20202020200050508C
:10AA400020504D534D204C434220202046320001DF
:10AA5000496E646F6F724379636C652020200043F8
:10AA60007850204C434220202020202020303100EC
:10AA7000FD496E646F6F724379636C65202020001E
:10AA80004378502055706461746520202020303355
:10AA90000000526F77657220202020202020202087
:10AAA00000527850204C434220202020202020308B
:10AAB000320002532D447269766520202020202028
:10AAC0002000537850204C4342202020202020207A
:10AAD000303200035542434D2020202020202020EA
:10AAE0002020005542434D204C434220202020206E
:10AAF00020303300045542435020202020202020C5
:10AB00002020200055424350204C4342202020204A
:10AB1000202030340005556E6976657273616C20B3
:10AB20002020202000556E6976657273616C204C80
:10AB30004342203035000647544D2020202020205D
:10AB400020202020200047544D204C43422020202C
:10AB500020202020303600000000030006000900FD
:10AB60000D0010001300160019001C001F00230028
:10AB7000260029002C002F003200350039003C004F
:10AB80003F004200450048004B004E005200550077
:10AB900058005B005E006100640067006B006E009F
:10ABA0007100740077007A007D00800084008700C7
:10ABB0008A008D0090009300960099009C00A000F0
:10ABC000A300A600A900AC00AF00B200B500B80019
:10ABD000BB00BE00C200C500C800CB00CE00D10043
:10ABE000D400D700DA00DD00E000E300E600E90071
:10ABF000EC00F000F300F600F900FC00FF00020199
:10AC0000050108010B010E011101140117011A01C0
:10AC10001D0120012301260129012C012F013201F0
:10AC2000350138013B013E014101440147014A0120
:10AC30004D0150015301560159015C015F01610151
:10AC4000640167016A016D01700173017601790188
:10AC50007C017F018201840187018A018D019001BD
:10AC60009301960199019C019E01A101A401A701F4
:10AC7000AA01AD01AF01B201B501B801BB01BE012E
:10AC8000C001C301C601C901CC01CE01D101D4016B
:10AC9000D701D901DC01DF01E201E501E701EA01A9
:10ACA000ED01EF01F201F501F801FA01FD010002E9
:10ACB0000202050208020A020D0210021302150226
:10ACC00018021A021D0220022202250228022A026C
:10ACD0002D022F023202350237023A023C023F02B5
:10ACE00042024402470249024C024E025102530200
:10ACF000560258025B025D02600262026502670250
:10AD00006A026C026F0271027402760279027B029F
:10AD10007D02800282028502870289028C028E02F5
:10AD200091029302950298029A029C029F02A1024C
:10AD3000A302A602A802AA02AD02AF02B102B302A8
:10AD4000B602B802BA02BC02BF02C102C302C50207
:10AD5000C802CA02CC02CE02D002D202D502D70269
:10AD6000D902DB02DD02DF02E202E402E602E802CF
:10AD7000EA02EC02EE02F002F202F402F602F8023B
:10AD8000FA02FC02FE0201030303050307030803A2
:10AD90000A030C030E031003120314031603180313
:10ADA0001A031C031E032003220323032503270386
:10ADB00029032B032D032F033003320334033603FF
:10ADC000380339033B033D033F034003420344037D
:10ADD0004603470349034B034C034E0350035103FF
:10ADE00053035503560358035A035B035D035E0385
:10ADF00060036203630365036603680369036B030F
:10AE00006C036E036F03710372037403750377039E
:10AE100078037A037B037C037E037F038103820331
:10AE2000830385038603870389038A038B038D03CA
:10AE30008E038F0391039203930395039603970365
:10AE4000980399039B039C039D039E039F03A10307
:10AE5000A203A303A403A503A603A703A903AA03AC
:10AE6000AB03AC03AD03AE03AF03B003B103B20356
:10AE7000B303B403B503B603B703B803B903BA0306
:10AE8000BB03BC03BD03BE03BF03BF03C003C103B9
:10AE9000C203C303C403C503C503C603C703C80372
:10AEA000C903C903CA03CB03CC03CC03CD03CE0330
:10AEB000CF03CF03D003D103D103D203D303D303F2
:10AEC000D403D403D503D603D603D703D703D803BB
:10AED000D903D903DA03DA03DB03DB03DC03DC0386
:10AEE000DD03DD03DE03DE03DE03DF03DF03E00358
:10AEF000E003E103E103E103E203E203E203E3032E
:10AF0000E303E303E403E403E403E403E503E50309
:10AF1000E503E503E603E603E603E603E603E703EA
:10AF2000E703E703E703E703E703E703E803E803CF
:10AF3000E803E803E803E803E803E803E803E803B9
:10AF4000E803E803E803E803E803E803E803E803A9
:10AF5000E803E803E803E703E703E703E703E7039E
:10AF6000E703E703E603E603E603E603E603E50398
:10AF7000E503E503E503E403E403E403E403E30397
:10AF8000E303E303E203E203E203E103E103E1039A
:10AF9000E003E003DF03DF03DE03DE03DE03DD03A4
:10AFA000DD03DC03DC03DB03DB03DA03DA03D903B1
:10AFB000D903D803D703D703D603D603D503D403C5
:10AFC000D403D303D303D203D103D103D003CF03DC
:10AFD000CF03CE03CD03CC03CC03CB03CA03C903F9
:10AFE000C903C803C703C603C503C503C403C3031A
:10AFF000C203C103C003BF03BF03BE03BD03BC0341
:10B00000BB03BA03B903B803B703B603B503B4036C
:10B01000B303B203B103B003AF03AE03AD03AC039C
:10B02000AB03AA03A903A703A603A503A403A303D1
:10B03000A203A1039F039E039D039C039B0399030B
:10B0400098039703960395039303920391038F0349
:10B050008E038D038B038A0389038703860385038D
:10B060008303820381037F037E037C037B037A03D4
:10B070007803770375037403720371036F036E0320
:10B080006C036B0369036803660365036303620370
:10B0900060035E035D035B035A03580356035503C5
:10B0A0005303510350034E034C034B03490347031F
:10B0B00046034403420340033F033D033B0339037C
:10B0C000380336033403320330032F032D032B03DD
:10B0D0002903270325032303220320031E031C0344
:10B0E0001A03180316031403120310030E030C03B0
:10B0F0000A0308030703050303030103FE02FC021E
:10B10000FA02F802F602F402F202F002EE02EC0297
:10B11000EA02E802E602E402E202DF02DD02DB020A
:10B12000D902D702D502D202D002CE02CC02CA0284
:10B13000C802C502C302C102BF02BC02BA02B80201
:10B14000B602B302B102AF02AD02AA02A802A60281
:10B15000A302A1029F029C029A0298029502930206
:10B1600091028E028C02890287028502820280028D
:10B170007D027B0279027602740271026F026C0218
:10B180006A0267026502620260025D025B025802A7
:10B190005602530251024E024C0249024702440237
:10B1A00042023F023C023A023702350232022F02CB
:10B1B0002D022A0228022502220220021D021A0262
:10B1C00018021502130210020D020A0208020502FB
:10B1D00002020002FD01FA01F801F501F201EF019E
:10B1E000ED01EA01E701E501E201DF01DC01D9013E
:10B1F000D701D401D101CE01CC01C901C601C301DF
:10B20000C001BE01BB01B801B501B201AF01AD0182
:10B21000AA01A701A401A1019E019C019901960127
:10B22000930190018D018A018701840182017F01D0
:10B230007C0179017601730170016D016A0167017A
:10B24000640161015F015C01590156015301500124
:10B250004D014A014701440141013E013B013801D2
:10B26000350132012F012C01290126012301200182
:10B270001D011A011701140111010E010B01080132
:10B2800005010201FF00FC00F900F600F300F000E8
:10B29000EC00E900E600E300E000DD00DA00D700A2
:10B2A000D400D100CE00CB00C800C500C200BE0053
:10B2B000BB00B800B500B200AF00AC00A900A6000A
:10B2C000A300A0009C0099009600930090008D00C0
:10B2D0008A008700840080007D007A007700740077
:10B2E00071006E006B006700640061005E005B002F
:10B2F0005800550052004E004B00480045004200E7
:10B300003F003C003900350032002F002C0029009E
:10B31000260023001F001C00190016001300100057
:10B320000D000900060003000000000000000000FE
:10B3300000000000010203040607080902040608D1
:10B3400000000000010203040102030406070809CB
:020000040803EF
:10FE00004A6F686E736F6E204865616C7468205429
:10FE10006563682E20436F2E2C204C74642E0000E6
:10FE200000000000000000000000000000000000D2
:10FE30000000000053544D333246313035564300F4
:10FE400000000000000000004C43422053696D7523
:10FE50006C61746F725F49415239000053696D756E
:10FE60006C61746F722D4C43423230313831310045
:10FE700053696D756C61746F7200000000000000C2
:10FE800000000000312E332E32303236303132361F
:08FE900000000000000000006A
:08FE98000495FD7F010000004C
:10FEA00000004A01480250025102560201030603B3
:10FEB0004403A002AC01AF02A004010008000F003F
:0CFEC000020001000402010000A24A043C
:040000050801772552
:00000001FF
